stdio    D         file_stdio.c:107  file_stdio_fopen                 [   0.00000] opening C:\Users\ernan\source\repos\Shnayzi\Function_Wars\x64\Debug\allegro5.cfg r
system   D            wsystem.c:836  maybe_parent_dir                 [   0.00000] Also searching C:\Users\ernan\source\repos\Shnayzi\Function_Wars\x64\
system   D            wsystem.c:891  _al_win_safe_load_library        [   0.00000] PathFindOnPath found: C:\Windows\system32\shcore.dll
system   D            wsystem.c:797  load_library_at_path             [   0.00000] Calling LoadLibrary C:\Windows\system32\shcore.dll
system   I            wsystem.c:800  load_library_at_path             [   0.00000] Loaded C:\Windows\system32\shcore.dll
system   I             system.c:272  al_install_system                [   0.00000] Allegro version: 5.2.11
system   D            wsystem.c:836  maybe_parent_dir                 [   0.00060] Also searching C:\Users\ernan\source\repos\Shnayzi\Function_Wars\x64\
system   D            wsystem.c:891  _al_win_safe_load_library        [   0.00187] PathFindOnPath found: C:\Windows\system32\d3d9.dll
system   D            wsystem.c:797  load_library_at_path             [   0.00191] Calling LoadLibrary C:\Windows\system32\d3d9.dll
system   I            wsystem.c:800  load_library_at_path             [   0.00935] Loaded C:\Windows\system32\d3d9.dll
system   D            wsystem.c:836  maybe_parent_dir                 [   0.00954] Also searching C:\Users\ernan\source\repos\Shnayzi\Function_Wars\x64\
system   D            wsystem.c:891  _al_win_safe_load_library        [   0.00982] PathFindOnPath found: C:\Windows\system32\d3dx9_43.dll
system   D            wsystem.c:797  load_library_at_path             [   0.00985] Calling LoadLibrary C:\Windows\system32\d3dx9_43.dll
system   I            wsystem.c:800  load_library_at_path             [   0.01113] Loaded C:\Windows\system32\d3dx9_43.dll
d3dx9    I        d3d_d3dx9.cpp:88   _imp_load_d3dx9_module_version   [   0.01119] Module "d3dx9_43.dll" loaded.
d3d      I         d3d_disp.cpp:730  d3d_init_display                 [   0.04886] Render-to-texture: 1
d3d      I         d3d_disp.cpp:1865 d3d_create_display_locked        [   0.05552] faux_fullscreen=0
d3d      D         d3d_disp.cpp:1866 d3d_create_display_locked        [   0.05558] al_display=0000021C98C9FF80
d3d      D         d3d_disp.cpp:1867 d3d_create_display_locked        [   0.05561] al_display->vt=0000021C98C73930
d3d      I d3d_display_formats.cpp:144  _al_d3d_generate_display_format_list [   0.06855] found 288 format combinations
display  D   display_settings.c:214  debug_display_settings           [   0.06861] color: 32 (rgba 8880), depth: 0, stencil: 0, acc: 0000, samples: 0/0
display  D   display_settings.c:529  _al_score_display_settings       [   0.06866] Score is : 897
display  D   display_settings.c:214  debug_display_settings           [   0.06868] color: 32 (rgba 8880), depth: 0, stencil: 0, acc: 0000, samples: 0/0
display  D   display_settings.c:529  _al_score_display_settings       [   0.06871] Score is : 897
display  D   display_settings.c:214  debug_display_settings           [   0.06872] color: 32 (rgba 8880), depth: 0, stencil: 0, acc: 0000, samples: 2/1
display  D   display_settings.c:529  _al_score_display_settings       [   0.06875] Score is : 726
display  D   display_settings.c:214  debug_display_settings           [   0.06876] color: 32 (rgba 8880), depth: 0, stencil: 0, acc: 0000, samples: 3/1
display  D   display_settings.c:529  _al_score_display_settings       [   0.06879] Score is : 721
display  D   display_settings.c:214  debug_display_settings           [   0.06880] color: 32 (rgba 8880), depth: 0, stencil: 0, acc: 0000, samples: 4/1
display  D   display_settings.c:529  _al_score_display_settings       [   0.06882] Score is : 717
display  D   display_settings.c:214  debug_display_settings           [   0.06884] color: 32 (rgba 8880), depth: 0, stencil: 0, acc: 0000, samples: 5/1
display  D   display_settings.c:529  _al_score_display_settings       [   0.06886] Score is : 715
display  D   display_settings.c:214  debug_display_settings           [   0.06895] color: 32 (rgba 8880), depth: 0, stencil: 0, acc: 0000, samples: 6/1
display  D   display_settings.c:529  _al_score_display_settings       [   0.06898] Score is : 714
display  D   display_settings.c:214  debug_display_settings           [   0.06900] color: 32 (rgba 8880), depth: 0, stencil: 0, acc: 0000, samples: 7/1
display  D   display_settings.c:529  _al_score_display_settings       [   0.06902] Score is : 713
display  D   display_settings.c:214  debug_display_settings           [   0.06904] color: 32 (rgba 8880), depth: 0, stencil: 0, acc: 0000, samples: 8/1
display  D   display_settings.c:529  _al_score_display_settings       [   0.06906] Score is : 712
display  D   display_settings.c:214  debug_display_settings           [   0.06909] color: 32 (rgba 8880), depth: 24, stencil: 8, acc: 0000, samples: 0/0
display  D   display_settings.c:529  _al_score_display_settings       [   0.06912] Score is : 897
display  D   display_settings.c:214  debug_display_settings           [   0.06914] color: 32 (rgba 8880), depth: 24, stencil: 8, acc: 0000, samples: 0/0
display  D   display_settings.c:529  _al_score_display_settings       [   0.06916] Score is : 897
display  D   display_settings.c:214  debug_display_settings           [   0.06917] color: 32 (rgba 8880), depth: 24, stencil: 8, acc: 0000, samples: 2/1
display  D   display_settings.c:529  _al_score_display_settings       [   0.06920] Score is : 726
display  D   display_settings.c:214  debug_display_settings           [   0.06922] color: 32 (rgba 8880), depth: 24, stencil: 8, acc: 0000, samples: 3/1
display  D   display_settings.c:529  _al_score_display_settings       [   0.06924] Score is : 721
display  D   display_settings.c:214  debug_display_settings           [   0.06926] color: 32 (rgba 8880), depth: 24, stencil: 8, acc: 0000, samples: 4/1
display  D   display_settings.c:529  _al_score_display_settings       [   0.06928] Score is : 717
display  D   display_settings.c:214  debug_display_settings           [   0.06929] color: 32 (rgba 8880), depth: 24, stencil: 8, acc: 0000, samples: 5/1
display  D   display_settings.c:529  _al_score_display_settings       [   0.06931] Score is : 715
display  D   display_settings.c:214  debug_display_settings           [   0.06933] color: 32 (rgba 8880), depth: 24, stencil: 8, acc: 0000, samples: 6/1
display  D   display_settings.c:529  _al_score_display_settings       [   0.06935] Score is : 714
display  D   display_settings.c:214  debug_display_settings           [   0.06936] color: 32 (rgba 8880), depth: 24, stencil: 8, acc: 0000, samples: 7/1
display  D   display_settings.c:529  _al_score_display_settings       [   0.06939] Score is : 713
display  D   display_settings.c:214  debug_display_settings           [   0.06940] color: 32 (rgba 8880), depth: 24, stencil: 8, acc: 0000, samples: 8/1
display  D   display_settings.c:529  _al_score_display_settings       [   0.06942] Score is : 712
display  D   display_settings.c:214  debug_display_settings           [   0.06944] color: 32 (rgba 8880), depth: 24, stencil: 0, acc: 0000, samples: 0/0
display  D   display_settings.c:529  _al_score_display_settings       [   0.06946] Score is : 897
display  D   display_settings.c:214  debug_display_settings           [   0.06947] color: 32 (rgba 8880), depth: 24, stencil: 0, acc: 0000, samples: 0/0
display  D   display_settings.c:529  _al_score_display_settings       [   0.06949] Score is : 897
display  D   display_settings.c:214  debug_display_settings           [   0.06951] color: 32 (rgba 8880), depth: 24, stencil: 0, acc: 0000, samples: 2/1
display  D   display_settings.c:529  _al_score_display_settings       [   0.06953] Score is : 726
display  D   display_settings.c:214  debug_display_settings           [   0.06955] color: 32 (rgba 8880), depth: 24, stencil: 0, acc: 0000, samples: 3/1
display  D   display_settings.c:529  _al_score_display_settings       [   0.06957] Score is : 721
display  D   display_settings.c:214  debug_display_settings           [   0.06958] color: 32 (rgba 8880), depth: 24, stencil: 0, acc: 0000, samples: 4/1
display  D   display_settings.c:529  _al_score_display_settings       [   0.06961] Score is : 717
display  D   display_settings.c:214  debug_display_settings           [   0.06962] color: 32 (rgba 8880), depth: 24, stencil: 0, acc: 0000, samples: 5/1
display  D   display_settings.c:529  _al_score_display_settings       [   0.06965] Score is : 715
display  D   display_settings.c:214  debug_display_settings           [   0.06966] color: 32 (rgba 8880), depth: 24, stencil: 0, acc: 0000, samples: 6/1
display  D   display_settings.c:529  _al_score_display_settings       [   0.06970] Score is : 714
display  D   display_settings.c:214  debug_display_settings           [   0.06971] color: 32 (rgba 8880), depth: 24, stencil: 0, acc: 0000, samples: 7/1
display  D   display_settings.c:529  _al_score_display_settings       [   0.06974] Score is : 713
display  D   display_settings.c:214  debug_display_settings           [   0.06975] color: 32 (rgba 8880), depth: 24, stencil: 0, acc: 0000, samples: 8/1
display  D   display_settings.c:529  _al_score_display_settings       [   0.06978] Score is : 712
display  D   display_settings.c:214  debug_display_settings           [   0.06979] color: 32 (rgba 8880), depth: 16, stencil: 0, acc: 0000, samples: 0/0
display  D   display_settings.c:529  _al_score_display_settings       [   0.06981] Score is : 897
display  D   display_settings.c:214  debug_display_settings           [   0.06983] color: 32 (rgba 8880), depth: 16, stencil: 0, acc: 0000, samples: 0/0
display  D   display_settings.c:529  _al_score_display_settings       [   0.06985] Score is : 897
display  D   display_settings.c:214  debug_display_settings           [   0.06987] color: 32 (rgba 8880), depth: 16, stencil: 0, acc: 0000, samples: 2/1
display  D   display_settings.c:529  _al_score_display_settings       [   0.06989] Score is : 726
display  D   display_settings.c:214  debug_display_settings           [   0.06991] color: 32 (rgba 8880), depth: 16, stencil: 0, acc: 0000, samples: 3/1
display  D   display_settings.c:529  _al_score_display_settings       [   0.06993] Score is : 721
display  D   display_settings.c:214  debug_display_settings           [   0.06995] color: 32 (rgba 8880), depth: 16, stencil: 0, acc: 0000, samples: 4/1
display  D   display_settings.c:529  _al_score_display_settings       [   0.06998] Score is : 717
display  D   display_settings.c:214  debug_display_settings           [   0.07001] color: 32 (rgba 8880), depth: 16, stencil: 0, acc: 0000, samples: 5/1
display  D   display_settings.c:529  _al_score_display_settings       [   0.07003] Score is : 715
display  D   display_settings.c:214  debug_display_settings           [   0.07005] color: 32 (rgba 8880), depth: 16, stencil: 0, acc: 0000, samples: 6/1
display  D   display_settings.c:529  _al_score_display_settings       [   0.07007] Score is : 714
display  D   display_settings.c:214  debug_display_settings           [   0.07008] color: 32 (rgba 8880), depth: 16, stencil: 0, acc: 0000, samples: 7/1
display  D   display_settings.c:529  _al_score_display_settings       [   0.07010] Score is : 713
display  D   display_settings.c:214  debug_display_settings           [   0.07012] color: 32 (rgba 8880), depth: 16, stencil: 0, acc: 0000, samples: 8/1
display  D   display_settings.c:529  _al_score_display_settings       [   0.07014] Score is : 712
display  D   display_settings.c:214  debug_display_settings           [   0.07016] color: 16 (rgba 5650), depth: 0, stencil: 0, acc: 0000, samples: 0/0
display  D   display_settings.c:529  _al_score_display_settings       [   0.07018] Score is : 897
display  D   display_settings.c:214  debug_display_settings           [   0.07019] color: 16 (rgba 5650), depth: 0, stencil: 0, acc: 0000, samples: 0/0
display  D   display_settings.c:529  _al_score_display_settings       [   0.07021] Score is : 897
display  D   display_settings.c:214  debug_display_settings           [   0.07023] color: 16 (rgba 5650), depth: 0, stencil: 0, acc: 0000, samples: 2/1
display  D   display_settings.c:529  _al_score_display_settings       [   0.07025] Score is : 726
display  D   display_settings.c:214  debug_display_settings           [   0.07027] color: 16 (rgba 5650), depth: 0, stencil: 0, acc: 0000, samples: 3/1
display  D   display_settings.c:529  _al_score_display_settings       [   0.07029] Score is : 721
display  D   display_settings.c:214  debug_display_settings           [   0.07031] color: 16 (rgba 5650), depth: 0, stencil: 0, acc: 0000, samples: 4/1
display  D   display_settings.c:529  _al_score_display_settings       [   0.07039] Score is : 717
display  D   display_settings.c:214  debug_display_settings           [   0.07041] color: 16 (rgba 5650), depth: 0, stencil: 0, acc: 0000, samples: 5/1
display  D   display_settings.c:529  _al_score_display_settings       [   0.07044] Score is : 715
display  D   display_settings.c:214  debug_display_settings           [   0.07046] color: 16 (rgba 5650), depth: 0, stencil: 0, acc: 0000, samples: 6/1
display  D   display_settings.c:529  _al_score_display_settings       [   0.07048] Score is : 714
display  D   display_settings.c:214  debug_display_settings           [   0.07050] color: 16 (rgba 5650), depth: 0, stencil: 0, acc: 0000, samples: 7/1
display  D   display_settings.c:529  _al_score_display_settings       [   0.07052] Score is : 713
display  D   display_settings.c:214  debug_display_settings           [   0.07054] color: 16 (rgba 5650), depth: 0, stencil: 0, acc: 0000, samples: 8/1
display  D   display_settings.c:529  _al_score_display_settings       [   0.07056] Score is : 712
display  D   display_settings.c:214  debug_display_settings           [   0.07058] color: 16 (rgba 5650), depth: 24, stencil: 8, acc: 0000, samples: 0/0
display  D   display_settings.c:529  _al_score_display_settings       [   0.07060] Score is : 897
display  D   display_settings.c:214  debug_display_settings           [   0.07063] color: 16 (rgba 5650), depth: 24, stencil: 8, acc: 0000, samples: 0/0
display  D   display_settings.c:529  _al_score_display_settings       [   0.07066] Score is : 897
display  D   display_settings.c:214  debug_display_settings           [   0.07067] color: 16 (rgba 5650), depth: 24, stencil: 8, acc: 0000, samples: 2/1
display  D   display_settings.c:529  _al_score_display_settings       [   0.07069] Score is : 726
display  D   display_settings.c:214  debug_display_settings           [   0.07071] color: 16 (rgba 5650), depth: 24, stencil: 8, acc: 0000, samples: 3/1
display  D   display_settings.c:529  _al_score_display_settings       [   0.07073] Score is : 721
display  D   display_settings.c:214  debug_display_settings           [   0.07075] color: 16 (rgba 5650), depth: 24, stencil: 8, acc: 0000, samples: 4/1
display  D   display_settings.c:529  _al_score_display_settings       [   0.07077] Score is : 717
display  D   display_settings.c:214  debug_display_settings           [   0.07078] color: 16 (rgba 5650), depth: 24, stencil: 8, acc: 0000, samples: 5/1
display  D   display_settings.c:529  _al_score_display_settings       [   0.07081] Score is : 715
display  D   display_settings.c:214  debug_display_settings           [   0.07082] color: 16 (rgba 5650), depth: 24, stencil: 8, acc: 0000, samples: 6/1
display  D   display_settings.c:529  _al_score_display_settings       [   0.07084] Score is : 714
display  D   display_settings.c:214  debug_display_settings           [   0.07086] color: 16 (rgba 5650), depth: 24, stencil: 8, acc: 0000, samples: 7/1
display  D   display_settings.c:529  _al_score_display_settings       [   0.07089] Score is : 713
display  D   display_settings.c:214  debug_display_settings           [   0.07092] color: 16 (rgba 5650), depth: 24, stencil: 8, acc: 0000, samples: 8/1
display  D   display_settings.c:529  _al_score_display_settings       [   0.07095] Score is : 712
display  D   display_settings.c:214  debug_display_settings           [   0.07097] color: 16 (rgba 5650), depth: 24, stencil: 0, acc: 0000, samples: 0/0
display  D   display_settings.c:529  _al_score_display_settings       [   0.07104] Score is : 897
display  D   display_settings.c:214  debug_display_settings           [   0.07106] color: 16 (rgba 5650), depth: 24, stencil: 0, acc: 0000, samples: 0/0
display  D   display_settings.c:529  _al_score_display_settings       [   0.07109] Score is : 897
display  D   display_settings.c:214  debug_display_settings           [   0.07111] color: 16 (rgba 5650), depth: 24, stencil: 0, acc: 0000, samples: 2/1
display  D   display_settings.c:529  _al_score_display_settings       [   0.07113] Score is : 726
display  D   display_settings.c:214  debug_display_settings           [   0.07114] color: 16 (rgba 5650), depth: 24, stencil: 0, acc: 0000, samples: 3/1
display  D   display_settings.c:529  _al_score_display_settings       [   0.07117] Score is : 721
display  D   display_settings.c:214  debug_display_settings           [   0.07118] color: 16 (rgba 5650), depth: 24, stencil: 0, acc: 0000, samples: 4/1
display  D   display_settings.c:529  _al_score_display_settings       [   0.07121] Score is : 717
display  D   display_settings.c:214  debug_display_settings           [   0.07122] color: 16 (rgba 5650), depth: 24, stencil: 0, acc: 0000, samples: 5/1
display  D   display_settings.c:529  _al_score_display_settings       [   0.07124] Score is : 715
display  D   display_settings.c:214  debug_display_settings           [   0.07126] color: 16 (rgba 5650), depth: 24, stencil: 0, acc: 0000, samples: 6/1
display  D   display_settings.c:529  _al_score_display_settings       [   0.07128] Score is : 714
display  D   display_settings.c:214  debug_display_settings           [   0.07132] color: 16 (rgba 5650), depth: 24, stencil: 0, acc: 0000, samples: 7/1
display  D   display_settings.c:529  _al_score_display_settings       [   0.07134] Score is : 713
display  D   display_settings.c:214  debug_display_settings           [   0.07136] color: 16 (rgba 5650), depth: 24, stencil: 0, acc: 0000, samples: 8/1
display  D   display_settings.c:529  _al_score_display_settings       [   0.07138] Score is : 712
display  D   display_settings.c:214  debug_display_settings           [   0.07140] color: 16 (rgba 5650), depth: 16, stencil: 0, acc: 0000, samples: 0/0
display  D   display_settings.c:529  _al_score_display_settings       [   0.07142] Score is : 897
display  D   display_settings.c:214  debug_display_settings           [   0.07144] color: 16 (rgba 5650), depth: 16, stencil: 0, acc: 0000, samples: 0/0
display  D   display_settings.c:529  _al_score_display_settings       [   0.07146] Score is : 897
display  D   display_settings.c:214  debug_display_settings           [   0.07148] color: 16 (rgba 5650), depth: 16, stencil: 0, acc: 0000, samples: 2/1
display  D   display_settings.c:529  _al_score_display_settings       [   0.07150] Score is : 726
display  D   display_settings.c:214  debug_display_settings           [   0.07152] color: 16 (rgba 5650), depth: 16, stencil: 0, acc: 0000, samples: 3/1
display  D   display_settings.c:529  _al_score_display_settings       [   0.07154] Score is : 721
display  D   display_settings.c:214  debug_display_settings           [   0.07156] color: 16 (rgba 5650), depth: 16, stencil: 0, acc: 0000, samples: 4/1
display  D   display_settings.c:529  _al_score_display_settings       [   0.07160] Score is : 717
display  D   display_settings.c:214  debug_display_settings           [   0.07163] color: 16 (rgba 5650), depth: 16, stencil: 0, acc: 0000, samples: 5/1
display  D   display_settings.c:529  _al_score_display_settings       [   0.07165] Score is : 715
display  D   display_settings.c:214  debug_display_settings           [   0.07166] color: 16 (rgba 5650), depth: 16, stencil: 0, acc: 0000, samples: 6/1
display  D   display_settings.c:529  _al_score_display_settings       [   0.07168] Score is : 714
display  D   display_settings.c:214  debug_display_settings           [   0.07170] color: 16 (rgba 5650), depth: 16, stencil: 0, acc: 0000, samples: 7/1
display  D   display_settings.c:529  _al_score_display_settings       [   0.07172] Score is : 713
display  D   display_settings.c:214  debug_display_settings           [   0.07174] color: 16 (rgba 5650), depth: 16, stencil: 0, acc: 0000, samples: 8/1
display  D   display_settings.c:529  _al_score_display_settings       [   0.07176] Score is : 712
display  D   display_settings.c:214  debug_display_settings           [   0.07178] color: 32 (rgba 8880), depth: 0, stencil: 0, acc: 0000, samples: 0/0
display  D   display_settings.c:400  _al_score_display_settings       [   0.07180] Single Buffer requirement not met.
display  D   display_settings.c:214  debug_display_settings           [   0.07182] color: 32 (rgba 8880), depth: 0, stencil: 0, acc: 0000, samples: 0/0
display  D   display_settings.c:400  _al_score_display_settings       [   0.07184] Single Buffer requirement not met.
display  D   display_settings.c:214  debug_display_settings           [   0.07185] color: 32 (rgba 8880), depth: 0, stencil: 0, acc: 0000, samples: 2/1
display  D   display_settings.c:400  _al_score_display_settings       [   0.07187] Single Buffer requirement not met.
display  D   display_settings.c:214  debug_display_settings           [   0.07189] color: 32 (rgba 8880), depth: 0, stencil: 0, acc: 0000, samples: 3/1
display  D   display_settings.c:400  _al_score_display_settings       [   0.07191] Single Buffer requirement not met.
display  D   display_settings.c:214  debug_display_settings           [   0.07193] color: 32 (rgba 8880), depth: 0, stencil: 0, acc: 0000, samples: 4/1
display  D   display_settings.c:400  _al_score_display_settings       [   0.07195] Single Buffer requirement not met.
display  D   display_settings.c:214  debug_display_settings           [   0.07197] color: 32 (rgba 8880), depth: 0, stencil: 0, acc: 0000, samples: 5/1
display  D   display_settings.c:400  _al_score_display_settings       [   0.07199] Single Buffer requirement not met.
display  D   display_settings.c:214  debug_display_settings           [   0.07202] color: 32 (rgba 8880), depth: 0, stencil: 0, acc: 0000, samples: 6/1
display  D   display_settings.c:400  _al_score_display_settings       [   0.07204] Single Buffer requirement not met.
display  D   display_settings.c:214  debug_display_settings           [   0.07207] color: 32 (rgba 8880), depth: 0, stencil: 0, acc: 0000, samples: 7/1
display  D   display_settings.c:400  _al_score_display_settings       [   0.07209] Single Buffer requirement not met.
display  D   display_settings.c:214  debug_display_settings           [   0.07211] color: 32 (rgba 8880), depth: 0, stencil: 0, acc: 0000, samples: 8/1
display  D   display_settings.c:400  _al_score_display_settings       [   0.07213] Single Buffer requirement not met.
display  D   display_settings.c:214  debug_display_settings           [   0.07215] color: 32 (rgba 8880), depth: 24, stencil: 8, acc: 0000, samples: 0/0
display  D   display_settings.c:400  _al_score_display_settings       [   0.07217] Single Buffer requirement not met.
display  D   display_settings.c:214  debug_display_settings           [   0.07219] color: 32 (rgba 8880), depth: 24, stencil: 8, acc: 0000, samples: 0/0
display  D   display_settings.c:400  _al_score_display_settings       [   0.07221] Single Buffer requirement not met.
display  D   display_settings.c:214  debug_display_settings           [   0.07223] color: 32 (rgba 8880), depth: 24, stencil: 8, acc: 0000, samples: 2/1
display  D   display_settings.c:400  _al_score_display_settings       [   0.07225] Single Buffer requirement not met.
display  D   display_settings.c:214  debug_display_settings           [   0.07227] color: 32 (rgba 8880), depth: 24, stencil: 8, acc: 0000, samples: 3/1
display  D   display_settings.c:400  _al_score_display_settings       [   0.07231] Single Buffer requirement not met.
display  D   display_settings.c:214  debug_display_settings           [   0.07233] color: 32 (rgba 8880), depth: 24, stencil: 8, acc: 0000, samples: 4/1
display  D   display_settings.c:400  _al_score_display_settings       [   0.07235] Single Buffer requirement not met.
display  D   display_settings.c:214  debug_display_settings           [   0.07237] color: 32 (rgba 8880), depth: 24, stencil: 8, acc: 0000, samples: 5/1
display  D   display_settings.c:400  _al_score_display_settings       [   0.07239] Single Buffer requirement not met.
display  D   display_settings.c:214  debug_display_settings           [   0.07241] color: 32 (rgba 8880), depth: 24, stencil: 8, acc: 0000, samples: 6/1
display  D   display_settings.c:400  _al_score_display_settings       [   0.07243] Single Buffer requirement not met.
display  D   display_settings.c:214  debug_display_settings           [   0.07246] color: 32 (rgba 8880), depth: 24, stencil: 8, acc: 0000, samples: 7/1
display  D   display_settings.c:400  _al_score_display_settings       [   0.07249] Single Buffer requirement not met.
display  D   display_settings.c:214  debug_display_settings           [   0.07250] color: 32 (rgba 8880), depth: 24, stencil: 8, acc: 0000, samples: 8/1
display  D   display_settings.c:400  _al_score_display_settings       [   0.07252] Single Buffer requirement not met.
display  D   display_settings.c:214  debug_display_settings           [   0.07254] color: 32 (rgba 8880), depth: 24, stencil: 0, acc: 0000, samples: 0/0
display  D   display_settings.c:400  _al_score_display_settings       [   0.07256] Single Buffer requirement not met.
display  D   display_settings.c:214  debug_display_settings           [   0.07258] color: 32 (rgba 8880), depth: 24, stencil: 0, acc: 0000, samples: 0/0
display  D   display_settings.c:400  _al_score_display_settings       [   0.07260] Single Buffer requirement not met.
display  D   display_settings.c:214  debug_display_settings           [   0.07262] color: 32 (rgba 8880), depth: 24, stencil: 0, acc: 0000, samples: 2/1
display  D   display_settings.c:400  _al_score_display_settings       [   0.07264] Single Buffer requirement not met.
display  D   display_settings.c:214  debug_display_settings           [   0.07266] color: 32 (rgba 8880), depth: 24, stencil: 0, acc: 0000, samples: 3/1
display  D   display_settings.c:400  _al_score_display_settings       [   0.07268] Single Buffer requirement not met.
display  D   display_settings.c:214  debug_display_settings           [   0.07270] color: 32 (rgba 8880), depth: 24, stencil: 0, acc: 0000, samples: 4/1
display  D   display_settings.c:400  _al_score_display_settings       [   0.07272] Single Buffer requirement not met.
display  D   display_settings.c:214  debug_display_settings           [   0.07273] color: 32 (rgba 8880), depth: 24, stencil: 0, acc: 0000, samples: 5/1
display  D   display_settings.c:400  _al_score_display_settings       [   0.07276] Single Buffer requirement not met.
display  D   display_settings.c:214  debug_display_settings           [   0.07277] color: 32 (rgba 8880), depth: 24, stencil: 0, acc: 0000, samples: 6/1
display  D   display_settings.c:400  _al_score_display_settings       [   0.07279] Single Buffer requirement not met.
display  D   display_settings.c:214  debug_display_settings           [   0.07281] color: 32 (rgba 8880), depth: 24, stencil: 0, acc: 0000, samples: 7/1
display  D   display_settings.c:400  _al_score_display_settings       [   0.07283] Single Buffer requirement not met.
display  D   display_settings.c:214  debug_display_settings           [   0.07285] color: 32 (rgba 8880), depth: 24, stencil: 0, acc: 0000, samples: 8/1
display  D   display_settings.c:400  _al_score_display_settings       [   0.07287] Single Buffer requirement not met.
display  D   display_settings.c:214  debug_display_settings           [   0.07289] color: 32 (rgba 8880), depth: 16, stencil: 0, acc: 0000, samples: 0/0
display  D   display_settings.c:400  _al_score_display_settings       [   0.07291] Single Buffer requirement not met.
display  D   display_settings.c:214  debug_display_settings           [   0.07293] color: 32 (rgba 8880), depth: 16, stencil: 0, acc: 0000, samples: 0/0
display  D   display_settings.c:400  _al_score_display_settings       [   0.07295] Single Buffer requirement not met.
display  D   display_settings.c:214  debug_display_settings           [   0.07297] color: 32 (rgba 8880), depth: 16, stencil: 0, acc: 0000, samples: 2/1
display  D   display_settings.c:400  _al_score_display_settings       [   0.07300] Single Buffer requirement not met.
display  D   display_settings.c:214  debug_display_settings           [   0.07302] color: 32 (rgba 8880), depth: 16, stencil: 0, acc: 0000, samples: 3/1
display  D   display_settings.c:400  _al_score_display_settings       [   0.07304] Single Buffer requirement not met.
display  D   display_settings.c:214  debug_display_settings           [   0.07306] color: 32 (rgba 8880), depth: 16, stencil: 0, acc: 0000, samples: 4/1
display  D   display_settings.c:400  _al_score_display_settings       [   0.07308] Single Buffer requirement not met.
display  D   display_settings.c:214  debug_display_settings           [   0.07309] color: 32 (rgba 8880), depth: 16, stencil: 0, acc: 0000, samples: 5/1
display  D   display_settings.c:400  _al_score_display_settings       [   0.07312] Single Buffer requirement not met.
display  D   display_settings.c:214  debug_display_settings           [   0.07313] color: 32 (rgba 8880), depth: 16, stencil: 0, acc: 0000, samples: 6/1
display  D   display_settings.c:400  _al_score_display_settings       [   0.07315] Single Buffer requirement not met.
display  D   display_settings.c:214  debug_display_settings           [   0.07317] color: 32 (rgba 8880), depth: 16, stencil: 0, acc: 0000, samples: 7/1
display  D   display_settings.c:400  _al_score_display_settings       [   0.07319] Single Buffer requirement not met.
display  D   display_settings.c:214  debug_display_settings           [   0.07322] color: 32 (rgba 8880), depth: 16, stencil: 0, acc: 0000, samples: 8/1
display  D   display_settings.c:400  _al_score_display_settings       [   0.07324] Single Buffer requirement not met.
display  D   display_settings.c:214  debug_display_settings           [   0.07326] color: 16 (rgba 5650), depth: 0, stencil: 0, acc: 0000, samples: 0/0
display  D   display_settings.c:400  _al_score_display_settings       [   0.07328] Single Buffer requirement not met.
display  D   display_settings.c:214  debug_display_settings           [   0.07332] color: 16 (rgba 5650), depth: 0, stencil: 0, acc: 0000, samples: 0/0
display  D   display_settings.c:400  _al_score_display_settings       [   0.07335] Single Buffer requirement not met.
display  D   display_settings.c:214  debug_display_settings           [   0.07337] color: 16 (rgba 5650), depth: 0, stencil: 0, acc: 0000, samples: 2/1
display  D   display_settings.c:400  _al_score_display_settings       [   0.07339] Single Buffer requirement not met.
display  D   display_settings.c:214  debug_display_settings           [   0.07341] color: 16 (rgba 5650), depth: 0, stencil: 0, acc: 0000, samples: 3/1
display  D   display_settings.c:400  _al_score_display_settings       [   0.07344] Single Buffer requirement not met.
display  D   display_settings.c:214  debug_display_settings           [   0.07345] color: 16 (rgba 5650), depth: 0, stencil: 0, acc: 0000, samples: 4/1
display  D   display_settings.c:400  _al_score_display_settings       [   0.07348] Single Buffer requirement not met.
display  D   display_settings.c:214  debug_display_settings           [   0.07349] color: 16 (rgba 5650), depth: 0, stencil: 0, acc: 0000, samples: 5/1
display  D   display_settings.c:400  _al_score_display_settings       [   0.07352] Single Buffer requirement not met.
display  D   display_settings.c:214  debug_display_settings           [   0.07354] color: 16 (rgba 5650), depth: 0, stencil: 0, acc: 0000, samples: 6/1
display  D   display_settings.c:400  _al_score_display_settings       [   0.07356] Single Buffer requirement not met.
display  D   display_settings.c:214  debug_display_settings           [   0.07358] color: 16 (rgba 5650), depth: 0, stencil: 0, acc: 0000, samples: 7/1
display  D   display_settings.c:400  _al_score_display_settings       [   0.07360] Single Buffer requirement not met.
display  D   display_settings.c:214  debug_display_settings           [   0.07369] color: 16 (rgba 5650), depth: 0, stencil: 0, acc: 0000, samples: 8/1
display  D   display_settings.c:400  _al_score_display_settings       [   0.07372] Single Buffer requirement not met.
display  D   display_settings.c:214  debug_display_settings           [   0.07373] color: 16 (rgba 5650), depth: 24, stencil: 8, acc: 0000, samples: 0/0
display  D   display_settings.c:400  _al_score_display_settings       [   0.07378] Single Buffer requirement not met.
display  D   display_settings.c:214  debug_display_settings           [   0.07380] color: 16 (rgba 5650), depth: 24, stencil: 8, acc: 0000, samples: 0/0
display  D   display_settings.c:400  _al_score_display_settings       [   0.07382] Single Buffer requirement not met.
display  D   display_settings.c:214  debug_display_settings           [   0.07384] color: 16 (rgba 5650), depth: 24, stencil: 8, acc: 0000, samples: 2/1
display  D   display_settings.c:400  _al_score_display_settings       [   0.07386] Single Buffer requirement not met.
display  D   display_settings.c:214  debug_display_settings           [   0.07388] color: 16 (rgba 5650), depth: 24, stencil: 8, acc: 0000, samples: 3/1
display  D   display_settings.c:400  _al_score_display_settings       [   0.07390] Single Buffer requirement not met.
display  D   display_settings.c:214  debug_display_settings           [   0.07392] color: 16 (rgba 5650), depth: 24, stencil: 8, acc: 0000, samples: 4/1
display  D   display_settings.c:400  _al_score_display_settings       [   0.07394] Single Buffer requirement not met.
display  D   display_settings.c:214  debug_display_settings           [   0.07396] color: 16 (rgba 5650), depth: 24, stencil: 8, acc: 0000, samples: 5/1
display  D   display_settings.c:400  _al_score_display_settings       [   0.07398] Single Buffer requirement not met.
display  D   display_settings.c:214  debug_display_settings           [   0.07400] color: 16 (rgba 5650), depth: 24, stencil: 8, acc: 0000, samples: 6/1
display  D   display_settings.c:400  _al_score_display_settings       [   0.07403] Single Buffer requirement not met.
display  D   display_settings.c:214  debug_display_settings           [   0.07405] color: 16 (rgba 5650), depth: 24, stencil: 8, acc: 0000, samples: 7/1
display  D   display_settings.c:400  _al_score_display_settings       [   0.07407] Single Buffer requirement not met.
display  D   display_settings.c:214  debug_display_settings           [   0.07409] color: 16 (rgba 5650), depth: 24, stencil: 8, acc: 0000, samples: 8/1
display  D   display_settings.c:400  _al_score_display_settings       [   0.07411] Single Buffer requirement not met.
display  D   display_settings.c:214  debug_display_settings           [   0.07413] color: 16 (rgba 5650), depth: 24, stencil: 0, acc: 0000, samples: 0/0
display  D   display_settings.c:400  _al_score_display_settings       [   0.07415] Single Buffer requirement not met.
display  D   display_settings.c:214  debug_display_settings           [   0.07417] color: 16 (rgba 5650), depth: 24, stencil: 0, acc: 0000, samples: 0/0
display  D   display_settings.c:400  _al_score_display_settings       [   0.07419] Single Buffer requirement not met.
display  D   display_settings.c:214  debug_display_settings           [   0.07421] color: 16 (rgba 5650), depth: 24, stencil: 0, acc: 0000, samples: 2/1
display  D   display_settings.c:400  _al_score_display_settings       [   0.07423] Single Buffer requirement not met.
display  D   display_settings.c:214  debug_display_settings           [   0.07424] color: 16 (rgba 5650), depth: 24, stencil: 0, acc: 0000, samples: 3/1
display  D   display_settings.c:400  _al_score_display_settings       [   0.07427] Single Buffer requirement not met.
display  D   display_settings.c:214  debug_display_settings           [   0.07428] color: 16 (rgba 5650), depth: 24, stencil: 0, acc: 0000, samples: 4/1
display  D   display_settings.c:400  _al_score_display_settings       [   0.07433] Single Buffer requirement not met.
display  D   display_settings.c:214  debug_display_settings           [   0.07435] color: 16 (rgba 5650), depth: 24, stencil: 0, acc: 0000, samples: 5/1
display  D   display_settings.c:400  _al_score_display_settings       [   0.07437] Single Buffer requirement not met.
display  D   display_settings.c:214  debug_display_settings           [   0.07439] color: 16 (rgba 5650), depth: 24, stencil: 0, acc: 0000, samples: 6/1
display  D   display_settings.c:400  _al_score_display_settings       [   0.07441] Single Buffer requirement not met.
display  D   display_settings.c:214  debug_display_settings           [   0.07443] color: 16 (rgba 5650), depth: 24, stencil: 0, acc: 0000, samples: 7/1
display  D   display_settings.c:400  _al_score_display_settings       [   0.07446] Single Buffer requirement not met.
display  D   display_settings.c:214  debug_display_settings           [   0.07447] color: 16 (rgba 5650), depth: 24, stencil: 0, acc: 0000, samples: 8/1
display  D   display_settings.c:400  _al_score_display_settings       [   0.07450] Single Buffer requirement not met.
display  D   display_settings.c:214  debug_display_settings           [   0.07452] color: 16 (rgba 5650), depth: 16, stencil: 0, acc: 0000, samples: 0/0
display  D   display_settings.c:400  _al_score_display_settings       [   0.07454] Single Buffer requirement not met.
display  D   display_settings.c:214  debug_display_settings           [   0.07456] color: 16 (rgba 5650), depth: 16, stencil: 0, acc: 0000, samples: 0/0
display  D   display_settings.c:400  _al_score_display_settings       [   0.07458] Single Buffer requirement not met.
display  D   display_settings.c:214  debug_display_settings           [   0.07460] color: 16 (rgba 5650), depth: 16, stencil: 0, acc: 0000, samples: 2/1
display  D   display_settings.c:400  _al_score_display_settings       [   0.07463] Single Buffer requirement not met.
display  D   display_settings.c:214  debug_display_settings           [   0.07465] color: 16 (rgba 5650), depth: 16, stencil: 0, acc: 0000, samples: 3/1
display  D   display_settings.c:400  _al_score_display_settings       [   0.07467] Single Buffer requirement not met.
display  D   display_settings.c:214  debug_display_settings           [   0.07469] color: 16 (rgba 5650), depth: 16, stencil: 0, acc: 0000, samples: 4/1
display  D   display_settings.c:400  _al_score_display_settings       [   0.07471] Single Buffer requirement not met.
display  D   display_settings.c:214  debug_display_settings           [   0.07474] color: 16 (rgba 5650), depth: 16, stencil: 0, acc: 0000, samples: 5/1
display  D   display_settings.c:400  _al_score_display_settings       [   0.07476] Single Buffer requirement not met.
display  D   display_settings.c:214  debug_display_settings           [   0.07478] color: 16 (rgba 5650), depth: 16, stencil: 0, acc: 0000, samples: 6/1
display  D   display_settings.c:400  _al_score_display_settings       [   0.07480] Single Buffer requirement not met.
display  D   display_settings.c:214  debug_display_settings           [   0.07481] color: 16 (rgba 5650), depth: 16, stencil: 0, acc: 0000, samples: 7/1
display  D   display_settings.c:400  _al_score_display_settings       [   0.07484] Single Buffer requirement not met.
display  D   display_settings.c:214  debug_display_settings           [   0.07485] color: 16 (rgba 5650), depth: 16, stencil: 0, acc: 0000, samples: 8/1
display  D   display_settings.c:400  _al_score_display_settings       [   0.07487] Single Buffer requirement not met.
display  D   display_settings.c:214  debug_display_settings           [   0.07489] color: 32 (rgba 8880), depth: 0, stencil: 0, acc: 0000, samples: 0/0
display  D   display_settings.c:529  _al_score_display_settings       [   0.07491] Score is : 769
display  D   display_settings.c:214  debug_display_settings           [   0.07493] color: 32 (rgba 8880), depth: 0, stencil: 0, acc: 0000, samples: 0/0
display  D   display_settings.c:529  _al_score_display_settings       [   0.07495] Score is : 769
display  D   display_settings.c:214  debug_display_settings           [   0.07496] color: 32 (rgba 8880), depth: 0, stencil: 0, acc: 0000, samples: 2/1
display  D   display_settings.c:529  _al_score_display_settings       [   0.07499] Score is : 598
display  D   display_settings.c:214  debug_display_settings           [   0.07500] color: 32 (rgba 8880), depth: 0, stencil: 0, acc: 0000, samples: 3/1
display  D   display_settings.c:529  _al_score_display_settings       [   0.07502] Score is : 593
display  D   display_settings.c:214  debug_display_settings           [   0.07504] color: 32 (rgba 8880), depth: 0, stencil: 0, acc: 0000, samples: 4/1
display  D   display_settings.c:529  _al_score_display_settings       [   0.07506] Score is : 589
display  D   display_settings.c:214  debug_display_settings           [   0.07508] color: 32 (rgba 8880), depth: 0, stencil: 0, acc: 0000, samples: 5/1
display  D   display_settings.c:529  _al_score_display_settings       [   0.07510] Score is : 587
display  D   display_settings.c:214  debug_display_settings           [   0.07511] color: 32 (rgba 8880), depth: 0, stencil: 0, acc: 0000, samples: 6/1
display  D   display_settings.c:529  _al_score_display_settings       [   0.07513] Score is : 586
display  D   display_settings.c:214  debug_display_settings           [   0.07515] color: 32 (rgba 8880), depth: 0, stencil: 0, acc: 0000, samples: 7/1
display  D   display_settings.c:529  _al_score_display_settings       [   0.07517] Score is : 585
display  D   display_settings.c:214  debug_display_settings           [   0.07519] color: 32 (rgba 8880), depth: 0, stencil: 0, acc: 0000, samples: 8/1
display  D   display_settings.c:529  _al_score_display_settings       [   0.07521] Score is : 584
display  D   display_settings.c:214  debug_display_settings           [   0.07522] color: 32 (rgba 8880), depth: 24, stencil: 8, acc: 0000, samples: 0/0
display  D   display_settings.c:529  _al_score_display_settings       [   0.07524] Score is : 769
display  D   display_settings.c:214  debug_display_settings           [   0.07526] color: 32 (rgba 8880), depth: 24, stencil: 8, acc: 0000, samples: 0/0
display  D   display_settings.c:529  _al_score_display_settings       [   0.07528] Score is : 769
display  D   display_settings.c:214  debug_display_settings           [   0.07530] color: 32 (rgba 8880), depth: 24, stencil: 8, acc: 0000, samples: 2/1
display  D   display_settings.c:529  _al_score_display_settings       [   0.07535] Score is : 598
display  D   display_settings.c:214  debug_display_settings           [   0.07536] color: 32 (rgba 8880), depth: 24, stencil: 8, acc: 0000, samples: 3/1
display  D   display_settings.c:529  _al_score_display_settings       [   0.07538] Score is : 593
display  D   display_settings.c:214  debug_display_settings           [   0.07540] color: 32 (rgba 8880), depth: 24, stencil: 8, acc: 0000, samples: 4/1
display  D   display_settings.c:529  _al_score_display_settings       [   0.07542] Score is : 589
display  D   display_settings.c:214  debug_display_settings           [   0.07545] color: 32 (rgba 8880), depth: 24, stencil: 8, acc: 0000, samples: 5/1
display  D   display_settings.c:529  _al_score_display_settings       [   0.07547] Score is : 587
display  D   display_settings.c:214  debug_display_settings           [   0.07549] color: 32 (rgba 8880), depth: 24, stencil: 8, acc: 0000, samples: 6/1
display  D   display_settings.c:529  _al_score_display_settings       [   0.07551] Score is : 586
display  D   display_settings.c:214  debug_display_settings           [   0.07553] color: 32 (rgba 8880), depth: 24, stencil: 8, acc: 0000, samples: 7/1
display  D   display_settings.c:529  _al_score_display_settings       [   0.07556] Score is : 585
display  D   display_settings.c:214  debug_display_settings           [   0.07557] color: 32 (rgba 8880), depth: 24, stencil: 8, acc: 0000, samples: 8/1
display  D   display_settings.c:529  _al_score_display_settings       [   0.07560] Score is : 584
display  D   display_settings.c:214  debug_display_settings           [   0.07564] color: 32 (rgba 8880), depth: 24, stencil: 0, acc: 0000, samples: 0/0
display  D   display_settings.c:529  _al_score_display_settings       [   0.07566] Score is : 769
display  D   display_settings.c:214  debug_display_settings           [   0.07568] color: 32 (rgba 8880), depth: 24, stencil: 0, acc: 0000, samples: 0/0
display  D   display_settings.c:529  _al_score_display_settings       [   0.07570] Score is : 769
display  D   display_settings.c:214  debug_display_settings           [   0.07573] color: 32 (rgba 8880), depth: 24, stencil: 0, acc: 0000, samples: 2/1
display  D   display_settings.c:529  _al_score_display_settings       [   0.07575] Score is : 598
display  D   display_settings.c:214  debug_display_settings           [   0.07576] color: 32 (rgba 8880), depth: 24, stencil: 0, acc: 0000, samples: 3/1
display  D   display_settings.c:529  _al_score_display_settings       [   0.07578] Score is : 593
display  D   display_settings.c:214  debug_display_settings           [   0.07580] color: 32 (rgba 8880), depth: 24, stencil: 0, acc: 0000, samples: 4/1
display  D   display_settings.c:529  _al_score_display_settings       [   0.07582] Score is : 589
display  D   display_settings.c:214  debug_display_settings           [   0.07584] color: 32 (rgba 8880), depth: 24, stencil: 0, acc: 0000, samples: 5/1
display  D   display_settings.c:529  _al_score_display_settings       [   0.07586] Score is : 587
display  D   display_settings.c:214  debug_display_settings           [   0.07587] color: 32 (rgba 8880), depth: 24, stencil: 0, acc: 0000, samples: 6/1
display  D   display_settings.c:529  _al_score_display_settings       [   0.07589] Score is : 586
display  D   display_settings.c:214  debug_display_settings           [   0.07591] color: 32 (rgba 8880), depth: 24, stencil: 0, acc: 0000, samples: 7/1
display  D   display_settings.c:529  _al_score_display_settings       [   0.07593] Score is : 585
display  D   display_settings.c:214  debug_display_settings           [   0.07595] color: 32 (rgba 8880), depth: 24, stencil: 0, acc: 0000, samples: 8/1
display  D   display_settings.c:529  _al_score_display_settings       [   0.07597] Score is : 584
display  D   display_settings.c:214  debug_display_settings           [   0.07598] color: 32 (rgba 8880), depth: 16, stencil: 0, acc: 0000, samples: 0/0
display  D   display_settings.c:529  _al_score_display_settings       [   0.07600] Score is : 769
display  D   display_settings.c:214  debug_display_settings           [   0.07602] color: 32 (rgba 8880), depth: 16, stencil: 0, acc: 0000, samples: 0/0
display  D   display_settings.c:529  _al_score_display_settings       [   0.07604] Score is : 769
display  D   display_settings.c:214  debug_display_settings           [   0.07605] color: 32 (rgba 8880), depth: 16, stencil: 0, acc: 0000, samples: 2/1
display  D   display_settings.c:529  _al_score_display_settings       [   0.07608] Score is : 598
display  D   display_settings.c:214  debug_display_settings           [   0.07609] color: 32 (rgba 8880), depth: 16, stencil: 0, acc: 0000, samples: 3/1
display  D   display_settings.c:529  _al_score_display_settings       [   0.07611] Score is : 593
display  D   display_settings.c:214  debug_display_settings           [   0.07613] color: 32 (rgba 8880), depth: 16, stencil: 0, acc: 0000, samples: 4/1
display  D   display_settings.c:529  _al_score_display_settings       [   0.07615] Score is : 589
display  D   display_settings.c:214  debug_display_settings           [   0.07616] color: 32 (rgba 8880), depth: 16, stencil: 0, acc: 0000, samples: 5/1
display  D   display_settings.c:529  _al_score_display_settings       [   0.07619] Score is : 587
display  D   display_settings.c:214  debug_display_settings           [   0.07620] color: 32 (rgba 8880), depth: 16, stencil: 0, acc: 0000, samples: 6/1
display  D   display_settings.c:529  _al_score_display_settings       [   0.07622] Score is : 586
display  D   display_settings.c:214  debug_display_settings           [   0.07624] color: 32 (rgba 8880), depth: 16, stencil: 0, acc: 0000, samples: 7/1
display  D   display_settings.c:529  _al_score_display_settings       [   0.07626] Score is : 585
display  D   display_settings.c:214  debug_display_settings           [   0.07628] color: 32 (rgba 8880), depth: 16, stencil: 0, acc: 0000, samples: 8/1
display  D   display_settings.c:529  _al_score_display_settings       [   0.07631] Score is : 584
display  D   display_settings.c:214  debug_display_settings           [   0.07634] color: 16 (rgba 5650), depth: 0, stencil: 0, acc: 0000, samples: 0/0
display  D   display_settings.c:529  _al_score_display_settings       [   0.07636] Score is : 769
display  D   display_settings.c:214  debug_display_settings           [   0.07638] color: 16 (rgba 5650), depth: 0, stencil: 0, acc: 0000, samples: 0/0
display  D   display_settings.c:529  _al_score_display_settings       [   0.07640] Score is : 769
display  D   display_settings.c:214  debug_display_settings           [   0.07642] color: 16 (rgba 5650), depth: 0, stencil: 0, acc: 0000, samples: 2/1
display  D   display_settings.c:529  _al_score_display_settings       [   0.07644] Score is : 598
display  D   display_settings.c:214  debug_display_settings           [   0.07646] color: 16 (rgba 5650), depth: 0, stencil: 0, acc: 0000, samples: 3/1
display  D   display_settings.c:529  _al_score_display_settings       [   0.07648] Score is : 593
display  D   display_settings.c:214  debug_display_settings           [   0.07650] color: 16 (rgba 5650), depth: 0, stencil: 0, acc: 0000, samples: 4/1
display  D   display_settings.c:529  _al_score_display_settings       [   0.07652] Score is : 589
display  D   display_settings.c:214  debug_display_settings           [   0.07654] color: 16 (rgba 5650), depth: 0, stencil: 0, acc: 0000, samples: 5/1
display  D   display_settings.c:529  _al_score_display_settings       [   0.07656] Score is : 587
display  D   display_settings.c:214  debug_display_settings           [   0.07658] color: 16 (rgba 5650), depth: 0, stencil: 0, acc: 0000, samples: 6/1
display  D   display_settings.c:529  _al_score_display_settings       [   0.07660] Score is : 586
display  D   display_settings.c:214  debug_display_settings           [   0.07662] color: 16 (rgba 5650), depth: 0, stencil: 0, acc: 0000, samples: 7/1
display  D   display_settings.c:529  _al_score_display_settings       [   0.07664] Score is : 585
display  D   display_settings.c:214  debug_display_settings           [   0.07667] color: 16 (rgba 5650), depth: 0, stencil: 0, acc: 0000, samples: 8/1
display  D   display_settings.c:529  _al_score_display_settings       [   0.07669] Score is : 584
display  D   display_settings.c:214  debug_display_settings           [   0.07671] color: 16 (rgba 5650), depth: 24, stencil: 8, acc: 0000, samples: 0/0
display  D   display_settings.c:529  _al_score_display_settings       [   0.07673] Score is : 769
display  D   display_settings.c:214  debug_display_settings           [   0.07675] color: 16 (rgba 5650), depth: 24, stencil: 8, acc: 0000, samples: 0/0
display  D   display_settings.c:529  _al_score_display_settings       [   0.07677] Score is : 769
display  D   display_settings.c:214  debug_display_settings           [   0.07679] color: 16 (rgba 5650), depth: 24, stencil: 8, acc: 0000, samples: 2/1
display  D   display_settings.c:529  _al_score_display_settings       [   0.07681] Score is : 598
display  D   display_settings.c:214  debug_display_settings           [   0.07682] color: 16 (rgba 5650), depth: 24, stencil: 8, acc: 0000, samples: 3/1
display  D   display_settings.c:529  _al_score_display_settings       [   0.07685] Score is : 593
display  D   display_settings.c:214  debug_display_settings           [   0.07686] color: 16 (rgba 5650), depth: 24, stencil: 8, acc: 0000, samples: 4/1
display  D   display_settings.c:529  _al_score_display_settings       [   0.07689] Score is : 589
display  D   display_settings.c:214  debug_display_settings           [   0.07690] color: 16 (rgba 5650), depth: 24, stencil: 8, acc: 0000, samples: 5/1
display  D   display_settings.c:529  _al_score_display_settings       [   0.07692] Score is : 587
display  D   display_settings.c:214  debug_display_settings           [   0.07694] color: 16 (rgba 5650), depth: 24, stencil: 8, acc: 0000, samples: 6/1
display  D   display_settings.c:529  _al_score_display_settings       [   0.07700] Score is : 586
display  D   display_settings.c:214  debug_display_settings           [   0.07702] color: 16 (rgba 5650), depth: 24, stencil: 8, acc: 0000, samples: 7/1
display  D   display_settings.c:529  _al_score_display_settings       [   0.07704] Score is : 585
display  D   display_settings.c:214  debug_display_settings           [   0.07706] color: 16 (rgba 5650), depth: 24, stencil: 8, acc: 0000, samples: 8/1
display  D   display_settings.c:529  _al_score_display_settings       [   0.07708] Score is : 584
display  D   display_settings.c:214  debug_display_settings           [   0.07709] color: 16 (rgba 5650), depth: 24, stencil: 0, acc: 0000, samples: 0/0
display  D   display_settings.c:529  _al_score_display_settings       [   0.07711] Score is : 769
display  D   display_settings.c:214  debug_display_settings           [   0.07713] color: 16 (rgba 5650), depth: 24, stencil: 0, acc: 0000, samples: 0/0
display  D   display_settings.c:529  _al_score_display_settings       [   0.07715] Score is : 769
display  D   display_settings.c:214  debug_display_settings           [   0.07716] color: 16 (rgba 5650), depth: 24, stencil: 0, acc: 0000, samples: 2/1
display  D   display_settings.c:529  _al_score_display_settings       [   0.07719] Score is : 598
display  D   display_settings.c:214  debug_display_settings           [   0.07720] color: 16 (rgba 5650), depth: 24, stencil: 0, acc: 0000, samples: 3/1
display  D   display_settings.c:529  _al_score_display_settings       [   0.07722] Score is : 593
display  D   display_settings.c:214  debug_display_settings           [   0.07724] color: 16 (rgba 5650), depth: 24, stencil: 0, acc: 0000, samples: 4/1
display  D   display_settings.c:529  _al_score_display_settings       [   0.07726] Score is : 589
display  D   display_settings.c:214  debug_display_settings           [   0.07727] color: 16 (rgba 5650), depth: 24, stencil: 0, acc: 0000, samples: 5/1
display  D   display_settings.c:529  _al_score_display_settings       [   0.07730] Score is : 587
display  D   display_settings.c:214  debug_display_settings           [   0.07734] color: 16 (rgba 5650), depth: 24, stencil: 0, acc: 0000, samples: 6/1
display  D   display_settings.c:529  _al_score_display_settings       [   0.07736] Score is : 586
display  D   display_settings.c:214  debug_display_settings           [   0.07738] color: 16 (rgba 5650), depth: 24, stencil: 0, acc: 0000, samples: 7/1
display  D   display_settings.c:529  _al_score_display_settings       [   0.07740] Score is : 585
display  D   display_settings.c:214  debug_display_settings           [   0.07742] color: 16 (rgba 5650), depth: 24, stencil: 0, acc: 0000, samples: 8/1
display  D   display_settings.c:529  _al_score_display_settings       [   0.07744] Score is : 584
display  D   display_settings.c:214  debug_display_settings           [   0.07746] color: 16 (rgba 5650), depth: 16, stencil: 0, acc: 0000, samples: 0/0
display  D   display_settings.c:529  _al_score_display_settings       [   0.07748] Score is : 769
display  D   display_settings.c:214  debug_display_settings           [   0.07750] color: 16 (rgba 5650), depth: 16, stencil: 0, acc: 0000, samples: 0/0
display  D   display_settings.c:529  _al_score_display_settings       [   0.07752] Score is : 769
display  D   display_settings.c:214  debug_display_settings           [   0.07754] color: 16 (rgba 5650), depth: 16, stencil: 0, acc: 0000, samples: 2/1
display  D   display_settings.c:529  _al_score_display_settings       [   0.07756] Score is : 598
display  D   display_settings.c:214  debug_display_settings           [   0.07758] color: 16 (rgba 5650), depth: 16, stencil: 0, acc: 0000, samples: 3/1
display  D   display_settings.c:529  _al_score_display_settings       [   0.07760] Score is : 593
display  D   display_settings.c:214  debug_display_settings           [   0.07763] color: 16 (rgba 5650), depth: 16, stencil: 0, acc: 0000, samples: 4/1
display  D   display_settings.c:529  _al_score_display_settings       [   0.07766] Score is : 589
display  D   display_settings.c:214  debug_display_settings           [   0.07770] color: 16 (rgba 5650), depth: 16, stencil: 0, acc: 0000, samples: 5/1
display  D   display_settings.c:529  _al_score_display_settings       [   0.07774] Score is : 587
display  D   display_settings.c:214  debug_display_settings           [   0.07777] color: 16 (rgba 5650), depth: 16, stencil: 0, acc: 0000, samples: 6/1
display  D   display_settings.c:529  _al_score_display_settings       [   0.07780] Score is : 586
display  D   display_settings.c:214  debug_display_settings           [   0.07781] color: 16 (rgba 5650), depth: 16, stencil: 0, acc: 0000, samples: 7/1
display  D   display_settings.c:529  _al_score_display_settings       [   0.07783] Score is : 585
display  D   display_settings.c:214  debug_display_settings           [   0.07785] color: 16 (rgba 5650), depth: 16, stencil: 0, acc: 0000, samples: 8/1
display  D   display_settings.c:529  _al_score_display_settings       [   0.07787] Score is : 584
display  D   display_settings.c:214  debug_display_settings           [   0.07789] color: 32 (rgba 8880), depth: 0, stencil: 0, acc: 0000, samples: 0/0
display  D   display_settings.c:400  _al_score_display_settings       [   0.07791] Single Buffer requirement not met.
display  D   display_settings.c:214  debug_display_settings           [   0.07793] color: 32 (rgba 8880), depth: 0, stencil: 0, acc: 0000, samples: 0/0
display  D   display_settings.c:400  _al_score_display_settings       [   0.07795] Single Buffer requirement not met.
display  D   display_settings.c:214  debug_display_settings           [   0.07797] color: 32 (rgba 8880), depth: 0, stencil: 0, acc: 0000, samples: 2/1
display  D   display_settings.c:400  _al_score_display_settings       [   0.07799] Single Buffer requirement not met.
display  D   display_settings.c:214  debug_display_settings           [   0.07801] color: 32 (rgba 8880), depth: 0, stencil: 0, acc: 0000, samples: 3/1
display  D   display_settings.c:400  _al_score_display_settings       [   0.07803] Single Buffer requirement not met.
display  D   display_settings.c:214  debug_display_settings           [   0.07805] color: 32 (rgba 8880), depth: 0, stencil: 0, acc: 0000, samples: 4/1
display  D   display_settings.c:400  _al_score_display_settings       [   0.07807] Single Buffer requirement not met.
display  D   display_settings.c:214  debug_display_settings           [   0.07809] color: 32 (rgba 8880), depth: 0, stencil: 0, acc: 0000, samples: 5/1
display  D   display_settings.c:400  _al_score_display_settings       [   0.07811] Single Buffer requirement not met.
display  D   display_settings.c:214  debug_display_settings           [   0.07814] color: 32 (rgba 8880), depth: 0, stencil: 0, acc: 0000, samples: 6/1
display  D   display_settings.c:400  _al_score_display_settings       [   0.07817] Single Buffer requirement not met.
display  D   display_settings.c:214  debug_display_settings           [   0.07819] color: 32 (rgba 8880), depth: 0, stencil: 0, acc: 0000, samples: 7/1
display  D   display_settings.c:400  _al_score_display_settings       [   0.07821] Single Buffer requirement not met.
display  D   display_settings.c:214  debug_display_settings           [   0.07823] color: 32 (rgba 8880), depth: 0, stencil: 0, acc: 0000, samples: 8/1
display  D   display_settings.c:400  _al_score_display_settings       [   0.07825] Single Buffer requirement not met.
display  D   display_settings.c:214  debug_display_settings           [   0.07826] color: 32 (rgba 8880), depth: 24, stencil: 8, acc: 0000, samples: 0/0
display  D   display_settings.c:400  _al_score_display_settings       [   0.07829] Single Buffer requirement not met.
display  D   display_settings.c:214  debug_display_settings           [   0.07833] color: 32 (rgba 8880), depth: 24, stencil: 8, acc: 0000, samples: 0/0
display  D   display_settings.c:400  _al_score_display_settings       [   0.07836] Single Buffer requirement not met.
display  D   display_settings.c:214  debug_display_settings           [   0.07838] color: 32 (rgba 8880), depth: 24, stencil: 8, acc: 0000, samples: 2/1
display  D   display_settings.c:400  _al_score_display_settings       [   0.07840] Single Buffer requirement not met.
display  D   display_settings.c:214  debug_display_settings           [   0.07842] color: 32 (rgba 8880), depth: 24, stencil: 8, acc: 0000, samples: 3/1
display  D   display_settings.c:400  _al_score_display_settings       [   0.07844] Single Buffer requirement not met.
display  D   display_settings.c:214  debug_display_settings           [   0.07846] color: 32 (rgba 8880), depth: 24, stencil: 8, acc: 0000, samples: 4/1
display  D   display_settings.c:400  _al_score_display_settings       [   0.07848] Single Buffer requirement not met.
display  D   display_settings.c:214  debug_display_settings           [   0.07850] color: 32 (rgba 8880), depth: 24, stencil: 8, acc: 0000, samples: 5/1
display  D   display_settings.c:400  _al_score_display_settings       [   0.07853] Single Buffer requirement not met.
display  D   display_settings.c:214  debug_display_settings           [   0.07854] color: 32 (rgba 8880), depth: 24, stencil: 8, acc: 0000, samples: 6/1
display  D   display_settings.c:400  _al_score_display_settings       [   0.07857] Single Buffer requirement not met.
display  D   display_settings.c:214  debug_display_settings           [   0.07858] color: 32 (rgba 8880), depth: 24, stencil: 8, acc: 0000, samples: 7/1
display  D   display_settings.c:400  _al_score_display_settings       [   0.07863] Single Buffer requirement not met.
display  D   display_settings.c:214  debug_display_settings           [   0.07865] color: 32 (rgba 8880), depth: 24, stencil: 8, acc: 0000, samples: 8/1
display  D   display_settings.c:400  _al_score_display_settings       [   0.07867] Single Buffer requirement not met.
display  D   display_settings.c:214  debug_display_settings           [   0.07869] color: 32 (rgba 8880), depth: 24, stencil: 0, acc: 0000, samples: 0/0
display  D   display_settings.c:400  _al_score_display_settings       [   0.07871] Single Buffer requirement not met.
display  D   display_settings.c:214  debug_display_settings           [   0.07872] color: 32 (rgba 8880), depth: 24, stencil: 0, acc: 0000, samples: 0/0
display  D   display_settings.c:400  _al_score_display_settings       [   0.07876] Single Buffer requirement not met.
display  D   display_settings.c:214  debug_display_settings           [   0.07879] color: 32 (rgba 8880), depth: 24, stencil: 0, acc: 0000, samples: 2/1
display  D   display_settings.c:400  _al_score_display_settings       [   0.07881] Single Buffer requirement not met.
display  D   display_settings.c:214  debug_display_settings           [   0.07883] color: 32 (rgba 8880), depth: 24, stencil: 0, acc: 0000, samples: 3/1
display  D   display_settings.c:400  _al_score_display_settings       [   0.07885] Single Buffer requirement not met.
display  D   display_settings.c:214  debug_display_settings           [   0.07887] color: 32 (rgba 8880), depth: 24, stencil: 0, acc: 0000, samples: 4/1
display  D   display_settings.c:400  _al_score_display_settings       [   0.07889] Single Buffer requirement not met.
display  D   display_settings.c:214  debug_display_settings           [   0.07890] color: 32 (rgba 8880), depth: 24, stencil: 0, acc: 0000, samples: 5/1
display  D   display_settings.c:400  _al_score_display_settings       [   0.07893] Single Buffer requirement not met.
display  D   display_settings.c:214  debug_display_settings           [   0.07894] color: 32 (rgba 8880), depth: 24, stencil: 0, acc: 0000, samples: 6/1
display  D   display_settings.c:400  _al_score_display_settings       [   0.07897] Single Buffer requirement not met.
display  D   display_settings.c:214  debug_display_settings           [   0.07898] color: 32 (rgba 8880), depth: 24, stencil: 0, acc: 0000, samples: 7/1
display  D   display_settings.c:400  _al_score_display_settings       [   0.07912] Single Buffer requirement not met.
display  D   display_settings.c:214  debug_display_settings           [   0.07914] color: 32 (rgba 8880), depth: 24, stencil: 0, acc: 0000, samples: 8/1
display  D   display_settings.c:400  _al_score_display_settings       [   0.07916] Single Buffer requirement not met.
display  D   display_settings.c:214  debug_display_settings           [   0.07918] color: 32 (rgba 8880), depth: 16, stencil: 0, acc: 0000, samples: 0/0
display  D   display_settings.c:400  _al_score_display_settings       [   0.07920] Single Buffer requirement not met.
display  D   display_settings.c:214  debug_display_settings           [   0.07922] color: 32 (rgba 8880), depth: 16, stencil: 0, acc: 0000, samples: 0/0
display  D   display_settings.c:400  _al_score_display_settings       [   0.07924] Single Buffer requirement not met.
display  D   display_settings.c:214  debug_display_settings           [   0.07926] color: 32 (rgba 8880), depth: 16, stencil: 0, acc: 0000, samples: 2/1
display  D   display_settings.c:400  _al_score_display_settings       [   0.07928] Single Buffer requirement not met.
display  D   display_settings.c:214  debug_display_settings           [   0.07937] color: 32 (rgba 8880), depth: 16, stencil: 0, acc: 0000, samples: 3/1
display  D   display_settings.c:400  _al_score_display_settings       [   0.07941] Single Buffer requirement not met.
display  D   display_settings.c:214  debug_display_settings           [   0.07943] color: 32 (rgba 8880), depth: 16, stencil: 0, acc: 0000, samples: 4/1
display  D   display_settings.c:400  _al_score_display_settings       [   0.07945] Single Buffer requirement not met.
display  D   display_settings.c:214  debug_display_settings           [   0.07947] color: 32 (rgba 8880), depth: 16, stencil: 0, acc: 0000, samples: 5/1
display  D   display_settings.c:400  _al_score_display_settings       [   0.07949] Single Buffer requirement not met.
display  D   display_settings.c:214  debug_display_settings           [   0.07951] color: 32 (rgba 8880), depth: 16, stencil: 0, acc: 0000, samples: 6/1
display  D   display_settings.c:400  _al_score_display_settings       [   0.07953] Single Buffer requirement not met.
display  D   display_settings.c:214  debug_display_settings           [   0.07955] color: 32 (rgba 8880), depth: 16, stencil: 0, acc: 0000, samples: 7/1
display  D   display_settings.c:400  _al_score_display_settings       [   0.07957] Single Buffer requirement not met.
display  D   display_settings.c:214  debug_display_settings           [   0.07959] color: 32 (rgba 8880), depth: 16, stencil: 0, acc: 0000, samples: 8/1
display  D   display_settings.c:400  _al_score_display_settings       [   0.07961] Single Buffer requirement not met.
display  D   display_settings.c:214  debug_display_settings           [   0.07963] color: 16 (rgba 5650), depth: 0, stencil: 0, acc: 0000, samples: 0/0
display  D   display_settings.c:400  _al_score_display_settings       [   0.07965] Single Buffer requirement not met.
display  D   display_settings.c:214  debug_display_settings           [   0.07967] color: 16 (rgba 5650), depth: 0, stencil: 0, acc: 0000, samples: 0/0
display  D   display_settings.c:400  _al_score_display_settings       [   0.07969] Single Buffer requirement not met.
display  D   display_settings.c:214  debug_display_settings           [   0.07971] color: 16 (rgba 5650), depth: 0, stencil: 0, acc: 0000, samples: 2/1
display  D   display_settings.c:400  _al_score_display_settings       [   0.07973] Single Buffer requirement not met.
display  D   display_settings.c:214  debug_display_settings           [   0.07975] color: 16 (rgba 5650), depth: 0, stencil: 0, acc: 0000, samples: 3/1
display  D   display_settings.c:400  _al_score_display_settings       [   0.07978] Single Buffer requirement not met.
display  D   display_settings.c:214  debug_display_settings           [   0.07980] color: 16 (rgba 5650), depth: 0, stencil: 0, acc: 0000, samples: 4/1
display  D   display_settings.c:400  _al_score_display_settings       [   0.07982] Single Buffer requirement not met.
display  D   display_settings.c:214  debug_display_settings           [   0.07984] color: 16 (rgba 5650), depth: 0, stencil: 0, acc: 0000, samples: 5/1
display  D   display_settings.c:400  _al_score_display_settings       [   0.07986] Single Buffer requirement not met.
display  D   display_settings.c:214  debug_display_settings           [   0.07988] color: 16 (rgba 5650), depth: 0, stencil: 0, acc: 0000, samples: 6/1
display  D   display_settings.c:400  _al_score_display_settings       [   0.07991] Single Buffer requirement not met.
display  D   display_settings.c:214  debug_display_settings           [   0.07993] color: 16 (rgba 5650), depth: 0, stencil: 0, acc: 0000, samples: 7/1
display  D   display_settings.c:400  _al_score_display_settings       [   0.07995] Single Buffer requirement not met.
display  D   display_settings.c:214  debug_display_settings           [   0.07997] color: 16 (rgba 5650), depth: 0, stencil: 0, acc: 0000, samples: 8/1
display  D   display_settings.c:400  _al_score_display_settings       [   0.07999] Single Buffer requirement not met.
display  D   display_settings.c:214  debug_display_settings           [   0.08001] color: 16 (rgba 5650), depth: 24, stencil: 8, acc: 0000, samples: 0/0
display  D   display_settings.c:400  _al_score_display_settings       [   0.08003] Single Buffer requirement not met.
display  D   display_settings.c:214  debug_display_settings           [   0.08005] color: 16 (rgba 5650), depth: 24, stencil: 8, acc: 0000, samples: 0/0
display  D   display_settings.c:400  _al_score_display_settings       [   0.08007] Single Buffer requirement not met.
display  D   display_settings.c:214  debug_display_settings           [   0.08009] color: 16 (rgba 5650), depth: 24, stencil: 8, acc: 0000, samples: 2/1
display  D   display_settings.c:400  _al_score_display_settings       [   0.08011] Single Buffer requirement not met.
display  D   display_settings.c:214  debug_display_settings           [   0.08013] color: 16 (rgba 5650), depth: 24, stencil: 8, acc: 0000, samples: 3/1
display  D   display_settings.c:400  _al_score_display_settings       [   0.08015] Single Buffer requirement not met.
display  D   display_settings.c:214  debug_display_settings           [   0.08017] color: 16 (rgba 5650), depth: 24, stencil: 8, acc: 0000, samples: 4/1
display  D   display_settings.c:400  _al_score_display_settings       [   0.08019] Single Buffer requirement not met.
display  D   display_settings.c:214  debug_display_settings           [   0.08022] color: 16 (rgba 5650), depth: 24, stencil: 8, acc: 0000, samples: 5/1
display  D   display_settings.c:400  _al_score_display_settings       [   0.08025] Single Buffer requirement not met.
display  D   display_settings.c:214  debug_display_settings           [   0.08027] color: 16 (rgba 5650), depth: 24, stencil: 8, acc: 0000, samples: 6/1
display  D   display_settings.c:400  _al_score_display_settings       [   0.08030] Single Buffer requirement not met.
display  D   display_settings.c:214  debug_display_settings           [   0.08033] color: 16 (rgba 5650), depth: 24, stencil: 8, acc: 0000, samples: 7/1
display  D   display_settings.c:400  _al_score_display_settings       [   0.08035] Single Buffer requirement not met.
display  D   display_settings.c:214  debug_display_settings           [   0.08037] color: 16 (rgba 5650), depth: 24, stencil: 8, acc: 0000, samples: 8/1
display  D   display_settings.c:400  _al_score_display_settings       [   0.08039] Single Buffer requirement not met.
display  D   display_settings.c:214  debug_display_settings           [   0.08041] color: 16 (rgba 5650), depth: 24, stencil: 0, acc: 0000, samples: 0/0
display  D   display_settings.c:400  _al_score_display_settings       [   0.08043] Single Buffer requirement not met.
display  D   display_settings.c:214  debug_display_settings           [   0.08045] color: 16 (rgba 5650), depth: 24, stencil: 0, acc: 0000, samples: 0/0
display  D   display_settings.c:400  _al_score_display_settings       [   0.08047] Single Buffer requirement not met.
display  D   display_settings.c:214  debug_display_settings           [   0.08049] color: 16 (rgba 5650), depth: 24, stencil: 0, acc: 0000, samples: 2/1
display  D   display_settings.c:400  _al_score_display_settings       [   0.08052] Single Buffer requirement not met.
display  D   display_settings.c:214  debug_display_settings           [   0.08053] color: 16 (rgba 5650), depth: 24, stencil: 0, acc: 0000, samples: 3/1
display  D   display_settings.c:400  _al_score_display_settings       [   0.08056] Single Buffer requirement not met.
display  D   display_settings.c:214  debug_display_settings           [   0.08057] color: 16 (rgba 5650), depth: 24, stencil: 0, acc: 0000, samples: 4/1
display  D   display_settings.c:400  _al_score_display_settings       [   0.08061] Single Buffer requirement not met.
display  D   display_settings.c:214  debug_display_settings           [   0.08064] color: 16 (rgba 5650), depth: 24, stencil: 0, acc: 0000, samples: 5/1
display  D   display_settings.c:400  _al_score_display_settings       [   0.08066] Single Buffer requirement not met.
display  D   display_settings.c:214  debug_display_settings           [   0.08067] color: 16 (rgba 5650), depth: 24, stencil: 0, acc: 0000, samples: 6/1
display  D   display_settings.c:400  _al_score_display_settings       [   0.08070] Single Buffer requirement not met.
display  D   display_settings.c:214  debug_display_settings           [   0.08071] color: 16 (rgba 5650), depth: 24, stencil: 0, acc: 0000, samples: 7/1
display  D   display_settings.c:400  _al_score_display_settings       [   0.08073] Single Buffer requirement not met.
display  D   display_settings.c:214  debug_display_settings           [   0.08075] color: 16 (rgba 5650), depth: 24, stencil: 0, acc: 0000, samples: 8/1
display  D   display_settings.c:400  _al_score_display_settings       [   0.08077] Single Buffer requirement not met.
display  D   display_settings.c:214  debug_display_settings           [   0.08079] color: 16 (rgba 5650), depth: 16, stencil: 0, acc: 0000, samples: 0/0
display  D   display_settings.c:400  _al_score_display_settings       [   0.08081] Single Buffer requirement not met.
display  D   display_settings.c:214  debug_display_settings           [   0.08082] color: 16 (rgba 5650), depth: 16, stencil: 0, acc: 0000, samples: 0/0
display  D   display_settings.c:400  _al_score_display_settings       [   0.08084] Single Buffer requirement not met.
display  D   display_settings.c:214  debug_display_settings           [   0.08086] color: 16 (rgba 5650), depth: 16, stencil: 0, acc: 0000, samples: 2/1
display  D   display_settings.c:400  _al_score_display_settings       [   0.08088] Single Buffer requirement not met.
display  D   display_settings.c:214  debug_display_settings           [   0.08090] color: 16 (rgba 5650), depth: 16, stencil: 0, acc: 0000, samples: 3/1
display  D   display_settings.c:400  _al_score_display_settings       [   0.08092] Single Buffer requirement not met.
display  D   display_settings.c:214  debug_display_settings           [   0.08094] color: 16 (rgba 5650), depth: 16, stencil: 0, acc: 0000, samples: 4/1
display  D   display_settings.c:400  _al_score_display_settings       [   0.08096] Single Buffer requirement not met.
display  D   display_settings.c:214  debug_display_settings           [   0.08097] color: 16 (rgba 5650), depth: 16, stencil: 0, acc: 0000, samples: 5/1
display  D   display_settings.c:400  _al_score_display_settings       [   0.08099] Single Buffer requirement not met.
display  D   display_settings.c:214  debug_display_settings           [   0.08101] color: 16 (rgba 5650), depth: 16, stencil: 0, acc: 0000, samples: 6/1
display  D   display_settings.c:400  _al_score_display_settings       [   0.08103] Single Buffer requirement not met.
display  D   display_settings.c:214  debug_display_settings           [   0.08106] color: 16 (rgba 5650), depth: 16, stencil: 0, acc: 0000, samples: 7/1
display  D   display_settings.c:400  _al_score_display_settings       [   0.08108] Single Buffer requirement not met.
display  D   display_settings.c:214  debug_display_settings           [   0.08112] color: 16 (rgba 5650), depth: 16, stencil: 0, acc: 0000, samples: 8/1
display  D   display_settings.c:400  _al_score_display_settings       [   0.08114] Single Buffer requirement not met.
d3d      D         d3d_disp.cpp:1731 d3d_create_display_internals     [   0.08124] Trying format 0.
d3d      I         d3d_disp.cpp:1407 d3d_display_thread_proc          [   0.08173] Chose a display format: 23
d3d      I         d3d_disp.cpp:1476 d3d_display_thread_proc          [   0.08177] Normal window.
d3d      I         d3d_disp.cpp:838  d3d_create_device                [   0.12622] Using no depth stencil buffer
d3d      D         d3d_disp.cpp:900  d3d_create_device                [   0.18906] BeginScene succeeded in create_device
d3d      D         d3d_disp.cpp:908  d3d_create_device                [   0.18914] Success
d3d      D         d3d_disp.cpp:1757 d3d_create_display_internals     [   0.18919] Resumed after wait.
d3d      I         d3d_disp.cpp:1790 d3d_create_display_internals     [   0.18928] Format 0 succeeded.
d3d      D         d3d_disp.cpp:1852 d3d_create_display_internals     [   0.18949] Returning d3d_display: 0000021C98C9FF80
d3d      D         d3d_disp.cpp:1877 d3d_create_display_locked        [   0.18952] al_display=0000021C98C9FF80
d3d      D         d3d_disp.cpp:1878 d3d_create_display_locked        [   0.18954] al_display->vt=0000021C98C73930
dtor     D               dtor.c:196  _al_register_destructor          [   0.19326] added dtor for bitmap 0000021C9E463EB0, func 00007FF95BB612CB
dtor     D               dtor.c:196  _al_register_destructor          [   0.19402] added dtor for bitmap 0000021C9E4640B0, func 00007FF95BB612CB
d3d      D         d3d_disp.cpp:1251 real_choose_bitmap_format        [   0.19786] Fake format
d3d      D         d3d_disp.cpp:1251 real_choose_bitmap_format        [   0.19789] Fake format
d3d      D         d3d_disp.cpp:1251 real_choose_bitmap_format        [   0.19791] Fake format
d3d      D         d3d_disp.cpp:1251 real_choose_bitmap_format        [   0.19792] Fake format
d3d      D         d3d_disp.cpp:1251 real_choose_bitmap_format        [   0.19794] Fake format
d3d      D         d3d_disp.cpp:1251 real_choose_bitmap_format        [   0.19796] Fake format
d3d      D         d3d_disp.cpp:1251 real_choose_bitmap_format        [   0.19797] Fake format
d3d      D         d3d_disp.cpp:1251 real_choose_bitmap_format        [   0.19799] Fake format
d3d      D         d3d_disp.cpp:1251 real_choose_bitmap_format        [   0.19801] Fake format
d3d      D         d3d_disp.cpp:1259 real_choose_bitmap_format        [   0.19802] Alpha doesn't match
d3d      D         d3d_disp.cpp:1266 real_choose_bitmap_format        [   0.19804] Adapter format is 23
d3d      D         d3d_disp.cpp:1269 real_choose_bitmap_format        [   0.19806] Found a format
d3d      I         d3d_disp.cpp:2467 d3d_create_bitmap                [   0.19808] Chose bitmap format 9
dtor     D               dtor.c:196  _al_register_destructor          [   0.19859] added dtor for bitmap 0000021C9E464600, func 00007FF95BB612CB
dtor     D               dtor.c:196  _al_register_destructor          [   0.19951] added dtor for sub_bitmap 0000021C9E464E80, func 00007FF95BB612CB
dtor     D               dtor.c:196  _al_register_destructor          [   0.19955] added dtor for sub_bitmap 0000021C9E465080, func 00007FF95BB612CB
dtor     D               dtor.c:196  _al_register_destructor          [   0.19959] added dtor for sub_bitmap 0000021C9ABF5450, func 00007FF95BB612CB
dtor     D               dtor.c:196  _al_register_destructor          [   0.19961] added dtor for sub_bitmap 0000021C9ABF5A20, func 00007FF95BB612CB
dtor     D               dtor.c:196  _al_register_destructor          [   0.19963] added dtor for sub_bitmap 0000021C9ABF5C10, func 00007FF95BB612CB
dtor     D               dtor.c:196  _al_register_destructor          [   0.19967] added dtor for sub_bitmap 0000021C9ABF5640, func 00007FF95BB612CB
dtor     D               dtor.c:196  _al_register_destructor          [   0.19969] added dtor for sub_bitmap 0000021C9ABF5E00, func 00007FF95BB612CB
dtor     D               dtor.c:196  _al_register_destructor          [   0.19972] added dtor for sub_bitmap 0000021C9ABF5830, func 00007FF95BB612CB
dtor     D               dtor.c:196  _al_register_destructor          [   0.19974] added dtor for sub_bitmap 0000021C9ABF5070, func 00007FF95BB612CB
dtor     D               dtor.c:196  _al_register_destructor          [   0.19976] added dtor for sub_bitmap 0000021C9ABF5260, func 00007FF95BB612CB
dtor     D               dtor.c:196  _al_register_destructor          [   0.19979] added dtor for sub_bitmap 0000021C9ABF7C10, func 00007FF95BB612CB
dtor     D               dtor.c:196  _al_register_destructor          [   0.19983] added dtor for sub_bitmap 0000021C9ABF7FF0, func 00007FF95BB612CB
dtor     D               dtor.c:196  _al_register_destructor          [   0.19986] added dtor for sub_bitmap 0000021C9ABF7070, func 00007FF95BB612CB
dtor     D               dtor.c:196  _al_register_destructor          [   0.19988] added dtor for sub_bitmap 0000021C9ABF83D0, func 00007FF95BB612CB
dtor     D               dtor.c:196  _al_register_destructor          [   0.19991] added dtor for sub_bitmap 0000021C9ABF7260, func 00007FF95BB612CB
dtor     D               dtor.c:196  _al_register_destructor          [   0.19994] added dtor for sub_bitmap 0000021C9ABF8D80, func 00007FF95BB612CB
dtor     D               dtor.c:196  _al_register_destructor          [   0.19996] added dtor for sub_bitmap 0000021C9ABF89A0, func 00007FF95BB612CB
dtor     D               dtor.c:196  _al_register_destructor          [   0.19999] added dtor for sub_bitmap 0000021C9ABF85C0, func 00007FF95BB612CB
dtor     D               dtor.c:196  _al_register_destructor          [   0.20003] added dtor for sub_bitmap 0000021C9ABF81E0, func 00007FF95BB612CB
dtor     D               dtor.c:196  _al_register_destructor          [   0.20005] added dtor for sub_bitmap 0000021C9ABF7450, func 00007FF95BB612CB
dtor     D               dtor.c:196  _al_register_destructor          [   0.20007] added dtor for sub_bitmap 0000021C9ABF7E00, func 00007FF95BB612CB
dtor     D               dtor.c:196  _al_register_destructor          [   0.20009] added dtor for sub_bitmap 0000021C9ABF87B0, func 00007FF95BB612CB
dtor     D               dtor.c:196  _al_register_destructor          [   0.20012] added dtor for sub_bitmap 0000021C9ABF7830, func 00007FF95BB612CB
dtor     D               dtor.c:196  _al_register_destructor          [   0.20014] added dtor for sub_bitmap 0000021C9ABF8B90, func 00007FF95BB612CB
dtor     D               dtor.c:196  _al_register_destructor          [   0.20016] added dtor for sub_bitmap 0000021C9ABF7640, func 00007FF95BB612CB
dtor     D               dtor.c:196  _al_register_destructor          [   0.20018] added dtor for sub_bitmap 0000021C9ABF7A20, func 00007FF95BB612CB
dtor     D               dtor.c:196  _al_register_destructor          [   0.20021] added dtor for sub_bitmap 0000021C9ABFA640, func 00007FF95BB612CB
dtor     D               dtor.c:196  _al_register_destructor          [   0.20024] added dtor for sub_bitmap 0000021C9ABFBD80, func 00007FF95BB612CB
dtor     D               dtor.c:196  _al_register_destructor          [   0.20026] added dtor for sub_bitmap 0000021C9ABFB3D0, func 00007FF95BB612CB
dtor     D               dtor.c:196  _al_register_destructor          [   0.20029] added dtor for sub_bitmap 0000021C9ABFAFF0, func 00007FF95BB612CB
dtor     D               dtor.c:196  _al_register_destructor          [   0.20031] added dtor for sub_bitmap 0000021C9ABFA260, func 00007FF95BB612CB
dtor     D               dtor.c:196  _al_register_destructor          [   0.20033] added dtor for sub_bitmap 0000021C9ABFB1E0, func 00007FF95BB612CB
dtor     D               dtor.c:196  _al_register_destructor          [   0.20037] added dtor for sub_bitmap 0000021C9ABFAE00, func 00007FF95BB612CB
dtor     D               dtor.c:196  _al_register_destructor          [   0.20040] added dtor for sub_bitmap 0000021C9ABFA830, func 00007FF95BB612CB
dtor     D               dtor.c:196  _al_register_destructor          [   0.20042] added dtor for sub_bitmap 0000021C9ABFAA20, func 00007FF95BB612CB
dtor     D               dtor.c:196  _al_register_destructor          [   0.20044] added dtor for sub_bitmap 0000021C9ABFB5C0, func 00007FF95BB612CB
dtor     D               dtor.c:196  _al_register_destructor          [   0.20046] added dtor for sub_bitmap 0000021C9ABFB7B0, func 00007FF95BB612CB
dtor     D               dtor.c:196  _al_register_destructor          [   0.20049] added dtor for sub_bitmap 0000021C9ABFBB90, func 00007FF95BB612CB
dtor     D               dtor.c:196  _al_register_destructor          [   0.20051] added dtor for sub_bitmap 0000021C9ABFA450, func 00007FF95BB612CB
dtor     D               dtor.c:196  _al_register_destructor          [   0.20054] added dtor for sub_bitmap 0000021C9ABFA070, func 00007FF95BB612CB
dtor     D               dtor.c:196  _al_register_destructor          [   0.20056] added dtor for sub_bitmap 0000021C9ABFB9A0, func 00007FF95BB612CB
dtor     D               dtor.c:196  _al_register_destructor          [   0.20058] added dtor for sub_bitmap 0000021C9ABFAC10, func 00007FF95BB612CB
dtor     D               dtor.c:196  _al_register_destructor          [   0.20062] added dtor for sub_bitmap 0000021C9ABFD3D0, func 00007FF95BB612CB
dtor     D               dtor.c:196  _al_register_destructor          [   0.20064] added dtor for sub_bitmap 0000021C9ABFC830, func 00007FF95BB612CB
dtor     D               dtor.c:196  _al_register_destructor          [   0.20066] added dtor for sub_bitmap 0000021C9ABFCE00, func 00007FF95BB612CB
dtor     D               dtor.c:196  _al_register_destructor          [   0.20069] added dtor for sub_bitmap 0000021C9ABFDD80, func 00007FF95BB612CB
dtor     D               dtor.c:196  _al_register_destructor          [   0.20071] added dtor for sub_bitmap 0000021C9ABFC260, func 00007FF95BB612CB
dtor     D               dtor.c:196  _al_register_destructor          [   0.20073] added dtor for sub_bitmap 0000021C9ABFC640, func 00007FF95BB612CB
dtor     D               dtor.c:196  _al_register_destructor          [   0.20075] added dtor for sub_bitmap 0000021C9ABFCFF0, func 00007FF95BB612CB
dtor     D               dtor.c:196  _al_register_destructor          [   0.20077] added dtor for sub_bitmap 0000021C9ABFD5C0, func 00007FF95BB612CB
dtor     D               dtor.c:196  _al_register_destructor          [   0.20080] added dtor for sub_bitmap 0000021C9ABFC450, func 00007FF95BB612CB
dtor     D               dtor.c:196  _al_register_destructor          [   0.20083] added dtor for sub_bitmap 0000021C9ABFCC10, func 00007FF95BB612CB
dtor     D               dtor.c:196  _al_register_destructor          [   0.20085] added dtor for sub_bitmap 0000021C9ABFD9A0, func 00007FF95BB612CB
dtor     D               dtor.c:196  _al_register_destructor          [   0.20087] added dtor for sub_bitmap 0000021C9ABFD7B0, func 00007FF95BB612CB
dtor     D               dtor.c:196  _al_register_destructor          [   0.20090] added dtor for sub_bitmap 0000021C9ABFD1E0, func 00007FF95BB612CB
dtor     D               dtor.c:196  _al_register_destructor          [   0.20092] added dtor for sub_bitmap 0000021C9ABFDB90, func 00007FF95BB612CB
dtor     D               dtor.c:196  _al_register_destructor          [   0.20094] added dtor for sub_bitmap 0000021C9ABFC070, func 00007FF95BB612CB
dtor     D               dtor.c:196  _al_register_destructor          [   0.20097] added dtor for sub_bitmap 0000021C9ABFCA20, func 00007FF95BB612CB
dtor     D               dtor.c:196  _al_register_destructor          [   0.20100] added dtor for sub_bitmap 0000021C9E4F39A0, func 00007FF95BB612CB
dtor     D               dtor.c:196  _al_register_destructor          [   0.20102] added dtor for sub_bitmap 0000021C9E4F37B0, func 00007FF95BB612CB
dtor     D               dtor.c:196  _al_register_destructor          [   0.20105] added dtor for sub_bitmap 0000021C9E4F2450, func 00007FF95BB612CB
dtor     D               dtor.c:196  _al_register_destructor          [   0.20107] added dtor for sub_bitmap 0000021C9E4F2E00, func 00007FF95BB612CB
dtor     D               dtor.c:196  _al_register_destructor          [   0.20110] added dtor for sub_bitmap 0000021C9E4F2260, func 00007FF95BB612CB
dtor     D               dtor.c:196  _al_register_destructor          [   0.20112] added dtor for sub_bitmap 0000021C9E4F33D0, func 00007FF95BB612CB
dtor     D               dtor.c:196  _al_register_destructor          [   0.20115] added dtor for sub_bitmap 0000021C9E4F3B90, func 00007FF95BB612CB
dtor     D               dtor.c:196  _al_register_destructor          [   0.20118] added dtor for sub_bitmap 0000021C9E4F3D80, func 00007FF95BB612CB
dtor     D               dtor.c:196  _al_register_destructor          [   0.20121] added dtor for sub_bitmap 0000021C9E4F2FF0, func 00007FF95BB612CB
dtor     D               dtor.c:196  _al_register_destructor          [   0.20123] added dtor for sub_bitmap 0000021C9E4F2640, func 00007FF95BB612CB
dtor     D               dtor.c:196  _al_register_destructor          [   0.20130] added dtor for sub_bitmap 0000021C9E4F31E0, func 00007FF95BB612CB
dtor     D               dtor.c:196  _al_register_destructor          [   0.20132] added dtor for sub_bitmap 0000021C9E4F2830, func 00007FF95BB612CB
dtor     D               dtor.c:196  _al_register_destructor          [   0.20134] added dtor for sub_bitmap 0000021C9E4F35C0, func 00007FF95BB612CB
dtor     D               dtor.c:196  _al_register_destructor          [   0.20136] added dtor for sub_bitmap 0000021C9E4F2A20, func 00007FF95BB612CB
dtor     D               dtor.c:196  _al_register_destructor          [   0.20138] added dtor for sub_bitmap 0000021C9E4F2070, func 00007FF95BB612CB
dtor     D               dtor.c:196  _al_register_destructor          [   0.20140] added dtor for sub_bitmap 0000021C9E4F2C10, func 00007FF95BB612CB
dtor     D               dtor.c:196  _al_register_destructor          [   0.20144] added dtor for sub_bitmap 0000021C9E4F53D0, func 00007FF95BB612CB
dtor     D               dtor.c:196  _al_register_destructor          [   0.20146] added dtor for sub_bitmap 0000021C9E4F59A0, func 00007FF95BB612CB
dtor     D               dtor.c:196  _al_register_destructor          [   0.20149] added dtor for sub_bitmap 0000021C9E4F4450, func 00007FF95BB612CB
dtor     D               dtor.c:196  _al_register_destructor          [   0.20151] added dtor for sub_bitmap 0000021C9E4F4FF0, func 00007FF95BB612CB
dtor     D               dtor.c:196  _al_register_destructor          [   0.20153] added dtor for sub_bitmap 0000021C9E4F55C0, func 00007FF95BB612CB
dtor     D               dtor.c:196  _al_register_destructor          [   0.20155] added dtor for sub_bitmap 0000021C9E4F4C10, func 00007FF95BB612CB
dtor     D               dtor.c:196  _al_register_destructor          [   0.20158] added dtor for sub_bitmap 0000021C9E4F5B90, func 00007FF95BB612CB
dtor     D               dtor.c:196  _al_register_destructor          [   0.20161] added dtor for sub_bitmap 0000021C9E4F4E00, func 00007FF95BB612CB
dtor     D               dtor.c:196  _al_register_destructor          [   0.20163] added dtor for sub_bitmap 0000021C9E4F5D80, func 00007FF95BB612CB
dtor     D               dtor.c:196  _al_register_destructor          [   0.20166] added dtor for sub_bitmap 0000021C9E4F4070, func 00007FF95BB612CB
dtor     D               dtor.c:196  _al_register_destructor          [   0.20168] added dtor for sub_bitmap 0000021C9E4F51E0, func 00007FF95BB612CB
dtor     D               dtor.c:196  _al_register_destructor          [   0.20171] added dtor for sub_bitmap 0000021C9E4F57B0, func 00007FF95BB612CB
dtor     D               dtor.c:196  _al_register_destructor          [   0.20173] added dtor for sub_bitmap 0000021C9E4F4260, func 00007FF95BB612CB
dtor     D               dtor.c:196  _al_register_destructor          [   0.20176] added dtor for sub_bitmap 0000021C9E4F4640, func 00007FF95BB612CB
dtor     D               dtor.c:196  _al_register_destructor          [   0.20178] added dtor for sub_bitmap 0000021C9E4F4830, func 00007FF95BB612CB
dtor     D               dtor.c:196  _al_register_destructor          [   0.20181] added dtor for sub_bitmap 0000021C9E4F4A20, func 00007FF95BB612CB
dtor     D               dtor.c:196  _al_register_destructor          [   0.20184] added dtor for sub_bitmap 0000021C9E4F71E0, func 00007FF95BB612CB
dtor     D               dtor.c:196  _al_register_destructor          [   0.20187] added dtor for sub_bitmap 0000021C9E4F6C10, func 00007FF95BB612CB
dtor     D               dtor.c:196  _al_register_destructor          [   0.20190] added dtor for sub_bitmap 0000021C9E4F73D0, func 00007FF95BB612CB
dtor     D               dtor.c:196  _al_register_destructor          [   0.20192] added dtor for sub_bitmap 0000021C9E4F6070, func 00007FF95BB612CB
dtor     D               dtor.c:196  _al_register_destructor          [   0.20194] added dtor for sub_bitmap 0000021C9E4F6A20, func 00007FF95BB612CB
dtor     D               dtor.c:196  _al_register_destructor          [   0.20197] added dtor for sub_bitmap 0000021C9E4F75C0, func 00007FF95BB612CB
dtor     D               dtor.c:196  _al_register_destructor          [   0.20200] added dtor for sub_bitmap 0000021C9E4F6FF0, func 00007FF95BB612CB
dtor     D               dtor.c:196  _al_register_destructor          [   0.20202] added dtor for sub_bitmap 0000021C9E4F6260, func 00007FF95BB612CB
dtor     D               dtor.c:196  _al_register_destructor          [   0.20205] added dtor for sub_bitmap 0000021C9E4F6830, func 00007FF95BB612CB
dtor     D               dtor.c:196  _al_register_destructor          [   0.20207] added dtor for sub_bitmap 0000021C9E4F77B0, func 00007FF95BB612CB
dtor     D               dtor.c:196  _al_register_destructor          [   0.20209] added dtor for sub_bitmap 0000021C9E4F6E00, func 00007FF95BB612CB
dtor     D               dtor.c:196  _al_register_destructor          [   0.20212] added dtor for sub_bitmap 0000021C9E4F79A0, func 00007FF95BB612CB
dtor     D               dtor.c:196  _al_register_destructor          [   0.20214] added dtor for sub_bitmap 0000021C9E4F6450, func 00007FF95BB612CB
dtor     D               dtor.c:196  _al_register_destructor          [   0.20216] added dtor for sub_bitmap 0000021C9E4F7B90, func 00007FF95BB612CB
dtor     D               dtor.c:196  _al_register_destructor          [   0.20220] added dtor for sub_bitmap 0000021C9E4F7D80, func 00007FF95BB612CB
dtor     D               dtor.c:196  _al_register_destructor          [   0.20222] added dtor for sub_bitmap 0000021C9E4F6640, func 00007FF95BB612CB
dtor     D               dtor.c:196  _al_register_destructor          [   0.20225] added dtor for sub_bitmap 0000021C9E4F9E00, func 00007FF95BB612CB
dtor     D               dtor.c:196  _al_register_destructor          [   0.20228] added dtor for sub_bitmap 0000021C9E4FA9A0, func 00007FF95BB612CB
dtor     D               dtor.c:196  _al_register_destructor          [   0.20230] added dtor for sub_bitmap 0000021C9E4FA3D0, func 00007FF95BB612CB
dtor     D               dtor.c:196  _al_register_destructor          [   0.20232] added dtor for sub_bitmap 0000021C9E4F9070, func 00007FF95BB612CB
dtor     D               dtor.c:196  _al_register_destructor          [   0.20236] added dtor for sub_bitmap 0000021C9E4FAB90, func 00007FF95BB612CB
dtor     D               dtor.c:196  _al_register_destructor          [   0.20238] added dtor for sub_bitmap 0000021C9E4FAD80, func 00007FF95BB612CB
dtor     D               dtor.c:196  _al_register_destructor          [   0.20240] added dtor for sub_bitmap 0000021C9E4F9450, func 00007FF95BB612CB
dtor     D               dtor.c:196  _al_register_destructor          [   0.20243] added dtor for sub_bitmap 0000021C9E4FA5C0, func 00007FF95BB612CB
dtor     D               dtor.c:196  _al_register_destructor          [   0.20245] added dtor for sub_bitmap 0000021C9E4F9C10, func 00007FF95BB612CB
dtor     D               dtor.c:196  _al_register_destructor          [   0.20247] added dtor for sub_bitmap 0000021C9E4F9640, func 00007FF95BB612CB
dtor     D               dtor.c:196  _al_register_destructor          [   0.20250] added dtor for sub_bitmap 0000021C9E4F9FF0, func 00007FF95BB612CB
dtor     D               dtor.c:196  _al_register_destructor          [   0.20253] added dtor for sub_bitmap 0000021C9E4FA7B0, func 00007FF95BB612CB
dtor     D               dtor.c:196  _al_register_destructor          [   0.20256] added dtor for sub_bitmap 0000021C9E4FA1E0, func 00007FF95BB612CB
dtor     D               dtor.c:196  _al_register_destructor          [   0.20260] added dtor for sub_bitmap 0000021C9E4F9260, func 00007FF95BB612CB
dtor     D               dtor.c:196  _al_register_destructor          [   0.20262] added dtor for sub_bitmap 0000021C9E4F9830, func 00007FF95BB612CB
dtor     D               dtor.c:196  _al_register_destructor          [   0.20265] added dtor for sub_bitmap 0000021C9E4F9A20, func 00007FF95BB612CB
dtor     D               dtor.c:196  _al_register_destructor          [   0.20268] added dtor for sub_bitmap 0000021C9E4FCC10, func 00007FF95BB612CB
dtor     D               dtor.c:196  _al_register_destructor          [   0.20270] added dtor for sub_bitmap 0000021C9E4FC070, func 00007FF95BB612CB
dtor     D               dtor.c:196  _al_register_destructor          [   0.20273] added dtor for sub_bitmap 0000021C9E4FCFF0, func 00007FF95BB612CB
dtor     D               dtor.c:196  _al_register_destructor          [   0.20276] added dtor for sub_bitmap 0000021C9E4FC640, func 00007FF95BB612CB
dtor     D               dtor.c:196  _al_register_destructor          [   0.20278] added dtor for sub_bitmap 0000021C9E4FD5C0, func 00007FF95BB612CB
dtor     D               dtor.c:196  _al_register_destructor          [   0.20281] added dtor for sub_bitmap 0000021C9E4FCE00, func 00007FF95BB612CB
dtor     D               dtor.c:196  _al_register_destructor          [   0.20284] added dtor for sub_bitmap 0000021C9E4FC260, func 00007FF95BB612CB
dtor     D               dtor.c:196  _al_register_destructor          [   0.20287] added dtor for sub_bitmap 0000021C9E4FD9A0, func 00007FF95BB612CB
dtor     D               dtor.c:196  _al_register_destructor          [   0.20289] added dtor for sub_bitmap 0000021C9E4FDB90, func 00007FF95BB612CB
dtor     D               dtor.c:196  _al_register_destructor          [   0.20292] added dtor for sub_bitmap 0000021C9E4FC450, func 00007FF95BB612CB
dtor     D               dtor.c:196  _al_register_destructor          [   0.20295] added dtor for sub_bitmap 0000021C9E4FDD80, func 00007FF95BB612CB
dtor     D               dtor.c:196  _al_register_destructor          [   0.20297] added dtor for sub_bitmap 0000021C9E4FC830, func 00007FF95BB612CB
dtor     D               dtor.c:196  _al_register_destructor          [   0.20299] added dtor for sub_bitmap 0000021C9E4FD1E0, func 00007FF95BB612CB
dtor     D               dtor.c:196  _al_register_destructor          [   0.20302] added dtor for sub_bitmap 0000021C9E4FD3D0, func 00007FF95BB612CB
dtor     D               dtor.c:196  _al_register_destructor          [   0.20304] added dtor for sub_bitmap 0000021C9E4FD7B0, func 00007FF95BB612CB
dtor     D               dtor.c:196  _al_register_destructor          [   0.20307] added dtor for sub_bitmap 0000021C9E4FCA20, func 00007FF95BB612CB
dtor     D               dtor.c:196  _al_register_destructor          [   0.20309] added dtor for sub_bitmap 0000021C9ABE2C10, func 00007FF95BB612CB
dtor     D               dtor.c:196  _al_register_destructor          [   0.20312] added dtor for sub_bitmap 0000021C9ABE2A20, func 00007FF95BB612CB
dtor     D               dtor.c:196  _al_register_destructor          [   0.20314] added dtor for sub_bitmap 0000021C9ABE2E00, func 00007FF95BB612CB
dtor     D               dtor.c:196  _al_register_destructor          [   0.20317] added dtor for sub_bitmap 0000021C9ABE56B0, func 00007FF95BB612CB
dtor     D               dtor.c:196  _al_register_destructor          [   0.20320] added dtor for sub_bitmap 0000021C9ABE2640, func 00007FF95BB612CB
dtor     D               dtor.c:196  _al_register_destructor          [   0.20322] added dtor for sub_bitmap 0000021C9ABE33D0, func 00007FF95BB612CB
dtor     D               dtor.c:196  _al_register_destructor          [   0.20325] added dtor for sub_bitmap 0000021C9ABE35C0, func 00007FF95BB612CB
dtor     D               dtor.c:196  _al_register_destructor          [   0.20327] added dtor for sub_bitmap 0000021C9ABE4730, func 00007FF95BB612CB
dtor     D               dtor.c:196  _al_register_destructor          [   0.20330] added dtor for sub_bitmap 0000021C9ABE50E0, func 00007FF95BB612CB
dtor     D               dtor.c:196  _al_register_destructor          [   0.20332] added dtor for sub_bitmap 0000021C9ABE2830, func 00007FF95BB612CB
dtor     D               dtor.c:196  _al_register_destructor          [   0.20335] added dtor for sub_bitmap 0000021C9ABE39A0, func 00007FF95BB612CB
dtor     D               dtor.c:196  _al_register_destructor          [   0.20337] added dtor for sub_bitmap 0000021C9ABE31E0, func 00007FF95BB612CB
dtor     D               dtor.c:196  _al_register_destructor          [   0.20339] added dtor for sub_bitmap 0000021C9ABE4920, func 00007FF95BB612CB
dtor     D               dtor.c:196  _al_register_destructor          [   0.20342] added dtor for sub_bitmap 0000021C9ABE37B0, func 00007FF95BB612CB
dtor     D               dtor.c:196  _al_register_destructor          [   0.20344] added dtor for sub_bitmap 0000021C9ABE3B90, func 00007FF95BB612CB
dtor     D               dtor.c:196  _al_register_destructor          [   0.20347] added dtor for sub_bitmap 0000021C9ABE4160, func 00007FF95BB612CB
dtor     D               dtor.c:196  _al_register_destructor          [   0.20349] added dtor for sub_bitmap 0000021C9ABE2260, func 00007FF95BB612CB
dtor     D               dtor.c:196  _al_register_destructor          [   0.20351] added dtor for sub_bitmap 0000021C9ABE3D80, func 00007FF95BB612CB
dtor     D               dtor.c:196  _al_register_destructor          [   0.20354] added dtor for sub_bitmap 0000021C9ABE3F70, func 00007FF95BB612CB
dtor     D               dtor.c:196  _al_register_destructor          [   0.20356] added dtor for sub_bitmap 0000021C9ABE4350, func 00007FF95BB612CB
dtor     D               dtor.c:196  _al_register_destructor          [   0.20359] added dtor for sub_bitmap 0000021C9ABE4540, func 00007FF95BB612CB
dtor     D               dtor.c:196  _al_register_destructor          [   0.20361] added dtor for sub_bitmap 0000021C9ABE2FF0, func 00007FF95BB612CB
dtor     D               dtor.c:196  _al_register_destructor          [   0.20364] added dtor for sub_bitmap 0000021C9ABE4B10, func 00007FF95BB612CB
dtor     D               dtor.c:196  _al_register_destructor          [   0.20367] added dtor for sub_bitmap 0000021C9ABE5A90, func 00007FF95BB612CB
dtor     D               dtor.c:196  _al_register_destructor          [   0.20369] added dtor for sub_bitmap 0000021C9ABE4D00, func 00007FF95BB612CB
dtor     D               dtor.c:196  _al_register_destructor          [   0.20371] added dtor for sub_bitmap 0000021C9ABE4EF0, func 00007FF95BB612CB
dtor     D               dtor.c:196  _al_register_destructor          [   0.20374] added dtor for sub_bitmap 0000021C9ABE5C80, func 00007FF95BB612CB
dtor     D               dtor.c:196  _al_register_destructor          [   0.20376] added dtor for sub_bitmap 0000021C9ABE52D0, func 00007FF95BB612CB
dtor     D               dtor.c:196  _al_register_destructor          [   0.20379] added dtor for sub_bitmap 0000021C9ABE54C0, func 00007FF95BB612CB
dtor     D               dtor.c:196  _al_register_destructor          [   0.20382] added dtor for sub_bitmap 0000021C9ABE2070, func 00007FF95BB612CB
dtor     D               dtor.c:196  _al_register_destructor          [   0.20385] added dtor for sub_bitmap 0000021C9ABE58A0, func 00007FF95BB612CB
dtor     D               dtor.c:196  _al_register_destructor          [   0.20387] added dtor for sub_bitmap 0000021C9ABE2450, func 00007FF95BB612CB
dtor     D               dtor.c:196  _al_register_destructor          [   0.20391] added dtor for sub_bitmap 0000021C9E843C50, func 00007FF95BB612CB
dtor     D               dtor.c:196  _al_register_destructor          [   0.20394] added dtor for sub_bitmap 0000021C9E843E40, func 00007FF95BB612CB
dtor     D               dtor.c:196  _al_register_destructor          [   0.20397] added dtor for sub_bitmap 0000021C9E844220, func 00007FF95BB612CB
dtor     D               dtor.c:196  _al_register_destructor          [   0.20400] added dtor for sub_bitmap 0000021C9E845580, func 00007FF95BB612CB
dtor     D               dtor.c:196  _al_register_destructor          [   0.20403] added dtor for sub_bitmap 0000021C9E844BD0, func 00007FF95BB612CB
dtor     D               dtor.c:196  _al_register_destructor          [   0.20405] added dtor for sub_bitmap 0000021C9E844030, func 00007FF95BB612CB
dtor     D               dtor.c:196  _al_register_destructor          [   0.20408] added dtor for sub_bitmap 0000021C9E844600, func 00007FF95BB612CB
dtor     D               dtor.c:196  _al_register_destructor          [   0.20410] added dtor for sub_bitmap 0000021C9E845390, func 00007FF95BB612CB
dtor     D               dtor.c:196  _al_register_destructor          [   0.20412] added dtor for sub_bitmap 0000021C9E845770, func 00007FF95BB612CB
dtor     D               dtor.c:196  _al_register_destructor          [   0.20415] added dtor for sub_bitmap 0000021C9E8430B0, func 00007FF95BB612CB
dtor     D               dtor.c:196  _al_register_destructor          [   0.20417] added dtor for sub_bitmap 0000021C9E844FB0, func 00007FF95BB612CB
dtor     D               dtor.c:196  _al_register_destructor          [   0.20420] added dtor for sub_bitmap 0000021C9E846AD0, func 00007FF95BB612CB
dtor     D               dtor.c:196  _al_register_destructor          [   0.20423] added dtor for sub_bitmap 0000021C9E844DC0, func 00007FF95BB612CB
dtor     D               dtor.c:196  _al_register_destructor          [   0.20425] added dtor for sub_bitmap 0000021C9E843A60, func 00007FF95BB612CB
dtor     D               dtor.c:196  _al_register_destructor          [   0.20428] added dtor for sub_bitmap 0000021C9E843680, func 00007FF95BB612CB
dtor     D               dtor.c:196  _al_register_destructor          [   0.20430] added dtor for sub_bitmap 0000021C9E8447F0, func 00007FF95BB612CB
dtor     D               dtor.c:196  _al_register_destructor          [   0.20433] added dtor for sub_bitmap 0000021C9E8451A0, func 00007FF95BB612CB
dtor     D               dtor.c:196  _al_register_destructor          [   0.20435] added dtor for sub_bitmap 0000021C9E845960, func 00007FF95BB612CB
dtor     D               dtor.c:196  _al_register_destructor          [   0.20437] added dtor for sub_bitmap 0000021C9E845B50, func 00007FF95BB612CB
dtor     D               dtor.c:196  _al_register_destructor          [   0.20440] added dtor for sub_bitmap 0000021C9E845D40, func 00007FF95BB612CB
dtor     D               dtor.c:196  _al_register_destructor          [   0.20442] added dtor for sub_bitmap 0000021C9E846120, func 00007FF95BB612CB
dtor     D               dtor.c:196  _al_register_destructor          [   0.20445] added dtor for sub_bitmap 0000021C9E844410, func 00007FF95BB612CB
dtor     D               dtor.c:196  _al_register_destructor          [   0.20448] added dtor for sub_bitmap 0000021C9E8449E0, func 00007FF95BB612CB
dtor     D               dtor.c:196  _al_register_destructor          [   0.20451] added dtor for sub_bitmap 0000021C9E843490, func 00007FF95BB612CB
dtor     D               dtor.c:196  _al_register_destructor          [   0.20453] added dtor for sub_bitmap 0000021C9E845F30, func 00007FF95BB612CB
dtor     D               dtor.c:196  _al_register_destructor          [   0.20456] added dtor for sub_bitmap 0000021C9E846310, func 00007FF95BB612CB
dtor     D               dtor.c:196  _al_register_destructor          [   0.20458] added dtor for sub_bitmap 0000021C9E846500, func 00007FF95BB612CB
dtor     D               dtor.c:196  _al_register_destructor          [   0.20461] added dtor for sub_bitmap 0000021C9E8432A0, func 00007FF95BB612CB
dtor     D               dtor.c:196  _al_register_destructor          [   0.20464] added dtor for sub_bitmap 0000021C9E8466F0, func 00007FF95BB612CB
dtor     D               dtor.c:196  _al_register_destructor          [   0.20467] added dtor for sub_bitmap 0000021C9E8468E0, func 00007FF95BB612CB
dtor     D               dtor.c:196  _al_register_destructor          [   0.20469] added dtor for sub_bitmap 0000021C9E846CC0, func 00007FF95BB612CB
dtor     D               dtor.c:196  _al_register_destructor          [   0.20473] added dtor for sub_bitmap 0000021C9E843870, func 00007FF95BB612CB
dtor     D               dtor.c:196  _al_register_destructor          [   0.20476] added dtor for sub_bitmap 0000021C9E847480, func 00007FF95BB612CB
dtor     D               dtor.c:196  _al_register_destructor          [   0.20479] added dtor for sub_bitmap 0000021C9E849F20, func 00007FF95BB612CB
dtor     D               dtor.c:196  _al_register_destructor          [   0.20483] added dtor for sub_bitmap 0000021C9E847670, func 00007FF95BB612CB
dtor     D               dtor.c:196  _al_register_destructor          [   0.20487] added dtor for sub_bitmap 0000021C9E846EB0, func 00007FF95BB612CB
dtor     D               dtor.c:196  _al_register_destructor          [   0.20492] added dtor for sub_bitmap 0000021C9E84A110, func 00007FF95BB612CB
dtor     D               dtor.c:196  _al_register_destructor          [   0.20496] added dtor for sub_bitmap 0000021C9E849B40, func 00007FF95BB612CB
dtor     D               dtor.c:196  _al_register_destructor          [   0.20499] added dtor for sub_bitmap 0000021C9E84A6E0, func 00007FF95BB612CB
dtor     D               dtor.c:196  _al_register_destructor          [   0.20503] added dtor for sub_bitmap 0000021C9E849190, func 00007FF95BB612CB
dtor     D               dtor.c:196  _al_register_destructor          [   0.20506] added dtor for sub_bitmap 0000021C9E8487E0, func 00007FF95BB612CB
dtor     D               dtor.c:196  _al_register_destructor          [   0.20509] added dtor for sub_bitmap 0000021C9E848020, func 00007FF95BB612CB
dtor     D               dtor.c:196  _al_register_destructor          [   0.20512] added dtor for sub_bitmap 0000021C9E847290, func 00007FF95BB612CB
dtor     D               dtor.c:196  _al_register_destructor          [   0.20515] added dtor for sub_bitmap 0000021C9E847860, func 00007FF95BB612CB
dtor     D               dtor.c:196  _al_register_destructor          [   0.20518] added dtor for sub_bitmap 0000021C9E8489D0, func 00007FF95BB612CB
dtor     D               dtor.c:196  _al_register_destructor          [   0.20520] added dtor for sub_bitmap 0000021C9E848FA0, func 00007FF95BB612CB
dtor     D               dtor.c:196  _al_register_destructor          [   0.20523] added dtor for sub_bitmap 0000021C9E8470A0, func 00007FF95BB612CB
dtor     D               dtor.c:196  _al_register_destructor          [   0.20525] added dtor for sub_bitmap 0000021C9E848BC0, func 00007FF95BB612CB
dtor     D               dtor.c:196  _al_register_destructor          [   0.20528] added dtor for sub_bitmap 0000021C9E848210, func 00007FF95BB612CB
dtor     D               dtor.c:196  _al_register_destructor          [   0.20531] added dtor for sub_bitmap 0000021C9E8485F0, func 00007FF95BB612CB
dtor     D               dtor.c:196  _al_register_destructor          [   0.20533] added dtor for sub_bitmap 0000021C9E848DB0, func 00007FF95BB612CB
dtor     D               dtor.c:196  _al_register_destructor          [   0.20536] added dtor for sub_bitmap 0000021C9E847A50, func 00007FF95BB612CB
dtor     D               dtor.c:196  _al_register_destructor          [   0.20538] added dtor for sub_bitmap 0000021C9E849380, func 00007FF95BB612CB
dtor     D               dtor.c:196  _al_register_destructor          [   0.20541] added dtor for sub_bitmap 0000021C9E84A8D0, func 00007FF95BB612CB
dtor     D               dtor.c:196  _al_register_destructor          [   0.20545] added dtor for sub_bitmap 0000021C9E847E30, func 00007FF95BB612CB
dtor     D               dtor.c:196  _al_register_destructor          [   0.20548] added dtor for sub_bitmap 0000021C9E848400, func 00007FF95BB612CB
dtor     D               dtor.c:196  _al_register_destructor          [   0.20550] added dtor for sub_bitmap 0000021C9E84AAC0, func 00007FF95BB612CB
dtor     D               dtor.c:196  _al_register_destructor          [   0.20553] added dtor for sub_bitmap 0000021C9E849570, func 00007FF95BB612CB
dtor     D               dtor.c:196  _al_register_destructor          [   0.20556] added dtor for sub_bitmap 0000021C9E849760, func 00007FF95BB612CB
dtor     D               dtor.c:196  _al_register_destructor          [   0.20558] added dtor for sub_bitmap 0000021C9E849950, func 00007FF95BB612CB
dtor     D               dtor.c:196  _al_register_destructor          [   0.20561] added dtor for sub_bitmap 0000021C9E847C40, func 00007FF95BB612CB
dtor     D               dtor.c:196  _al_register_destructor          [   0.20564] added dtor for sub_bitmap 0000021C9E849D30, func 00007FF95BB612CB
dtor     D               dtor.c:196  _al_register_destructor          [   0.20566] added dtor for sub_bitmap 0000021C9E84A300, func 00007FF95BB612CB
dtor     D               dtor.c:196  _al_register_destructor          [   0.20569] added dtor for sub_bitmap 0000021C9E84A4F0, func 00007FF95BB612CB
dtor     D               dtor.c:196  _al_register_destructor          [   0.20572] added dtor for sub_bitmap 0000021C9E84BE20, func 00007FF95BB612CB
dtor     D               dtor.c:196  _al_register_destructor          [   0.20575] added dtor for sub_bitmap 0000021C9E84D180, func 00007FF95BB612CB
dtor     D               dtor.c:196  _al_register_destructor          [   0.20578] added dtor for sub_bitmap 0000021C9E84C7D0, func 00007FF95BB612CB
dtor     D               dtor.c:196  _al_register_destructor          [   0.20581] added dtor for sub_bitmap 0000021C9E84B850, func 00007FF95BB612CB
dtor     D               dtor.c:196  _al_register_destructor          [   0.20584] added dtor for sub_bitmap 0000021C9E84C200, func 00007FF95BB612CB
dtor     D               dtor.c:196  _al_register_destructor          [   0.20586] added dtor for sub_bitmap 0000021C9E84CF90, func 00007FF95BB612CB
dtor     D               dtor.c:196  _al_register_destructor          [   0.20589] added dtor for sub_bitmap 0000021C9E84D370, func 00007FF95BB612CB
dtor     D               dtor.c:196  _al_register_destructor          [   0.20592] added dtor for sub_bitmap 0000021C9E84ACB0, func 00007FF95BB612CB
dtor     D               dtor.c:196  _al_register_destructor          [   0.20594] added dtor for sub_bitmap 0000021C9E84CBB0, func 00007FF95BB612CB
dtor     D               dtor.c:196  _al_register_destructor          [   0.20597] added dtor for sub_bitmap 0000021C9E84E6D0, func 00007FF95BB612CB
dtor     D               dtor.c:196  _al_register_destructor          [   0.20600] added dtor for sub_bitmap 0000021C9E84C9C0, func 00007FF95BB612CB
dtor     D               dtor.c:196  _al_register_destructor          [   0.20603] added dtor for sub_bitmap 0000021C9E84B660, func 00007FF95BB612CB
dtor     D               dtor.c:196  _al_register_destructor          [   0.20605] added dtor for sub_bitmap 0000021C9E84B280, func 00007FF95BB612CB
dtor     D               dtor.c:196  _al_register_destructor          [   0.20608] added dtor for sub_bitmap 0000021C9E84C3F0, func 00007FF95BB612CB
dtor     D               dtor.c:196  _al_register_destructor          [   0.20610] added dtor for sub_bitmap 0000021C9E84CDA0, func 00007FF95BB612CB
dtor     D               dtor.c:196  _al_register_destructor          [   0.20613] added dtor for sub_bitmap 0000021C9E84D560, func 00007FF95BB612CB
dtor     D               dtor.c:196  _al_register_destructor          [   0.20616] added dtor for sub_bitmap 0000021C9E84D750, func 00007FF95BB612CB
dtor     D               dtor.c:196  _al_register_destructor          [   0.20619] added dtor for sub_bitmap 0000021C9E84D940, func 00007FF95BB612CB
dtor     D               dtor.c:196  _al_register_destructor          [   0.20622] added dtor for sub_bitmap 0000021C9E84DD20, func 00007FF95BB612CB
dtor     D               dtor.c:196  _al_register_destructor          [   0.20625] added dtor for sub_bitmap 0000021C9E84DB30, func 00007FF95BB612CB
dtor     D               dtor.c:196  _al_register_destructor          [   0.20628] added dtor for sub_bitmap 0000021C9E84AEA0, func 00007FF95BB612CB
dtor     D               dtor.c:196  _al_register_destructor          [   0.20631] added dtor for sub_bitmap 0000021C9E84DF10, func 00007FF95BB612CB
dtor     D               dtor.c:196  _al_register_destructor          [   0.20634] added dtor for sub_bitmap 0000021C9E84E100, func 00007FF95BB612CB
dtor     D               dtor.c:196  _al_register_destructor          [   0.20637] added dtor for sub_bitmap 0000021C9E84E2F0, func 00007FF95BB612CB
dtor     D               dtor.c:196  _al_register_destructor          [   0.20640] added dtor for sub_bitmap 0000021C9E84C5E0, func 00007FF95BB612CB
dtor     D               dtor.c:196  _al_register_destructor          [   0.20643] added dtor for sub_bitmap 0000021C9E84E4E0, func 00007FF95BB612CB
dtor     D               dtor.c:196  _al_register_destructor          [   0.20646] added dtor for sub_bitmap 0000021C9E84E8C0, func 00007FF95BB612CB
dtor     D               dtor.c:196  _al_register_destructor          [   0.20648] added dtor for sub_bitmap 0000021C9E84B090, func 00007FF95BB612CB
dtor     D               dtor.c:196  _al_register_destructor          [   0.20651] added dtor for sub_bitmap 0000021C9E84C010, func 00007FF95BB612CB
dtor     D               dtor.c:196  _al_register_destructor          [   0.20653] added dtor for sub_bitmap 0000021C9E84B470, func 00007FF95BB612CB
dtor     D               dtor.c:196  _al_register_destructor          [   0.20656] added dtor for sub_bitmap 0000021C9E84BA40, func 00007FF95BB612CB
dtor     D               dtor.c:196  _al_register_destructor          [   0.20659] added dtor for sub_bitmap 0000021C9E84BC30, func 00007FF95BB612CB
dtor     D               dtor.c:196  _al_register_destructor          [   0.20662] added dtor for sub_bitmap 0000021C9E851B20, func 00007FF95BB612CB
dtor     D               dtor.c:196  _al_register_destructor          [   0.20665] added dtor for sub_bitmap 0000021C9E84FA30, func 00007FF95BB612CB
dtor     D               dtor.c:196  _al_register_destructor          [   0.20668] added dtor for sub_bitmap 0000021C9E8509B0, func 00007FF95BB612CB
dtor     D               dtor.c:196  _al_register_destructor          [   0.20671] added dtor for sub_bitmap 0000021C9E851D10, func 00007FF95BB612CB
dtor     D               dtor.c:196  _al_register_destructor          [   0.20674] added dtor for sub_bitmap 0000021C9E850BA0, func 00007FF95BB612CB
dtor     D               dtor.c:196  _al_register_destructor          [   0.20677] added dtor for sub_bitmap 0000021C9E8522E0, func 00007FF95BB612CB
dtor     D               dtor.c:196  _al_register_destructor          [   0.20680] added dtor for sub_bitmap 0000021C9E851F00, func 00007FF95BB612CB
dtor     D               dtor.c:196  _al_register_destructor          [   0.20684] added dtor for sub_bitmap 0000021C9E851930, func 00007FF95BB612CB
dtor     D               dtor.c:196  _al_register_destructor          [   0.20687] added dtor for sub_bitmap 0000021C9E8524D0, func 00007FF95BB612CB
dtor     D               dtor.c:196  _al_register_destructor          [   0.20689] added dtor for sub_bitmap 0000021C9E8520F0, func 00007FF95BB612CB
dtor     D               dtor.c:196  _al_register_destructor          [   0.20692] added dtor for sub_bitmap 0000021C9E84ECA0, func 00007FF95BB612CB
dtor     D               dtor.c:196  _al_register_destructor          [   0.20695] added dtor for sub_bitmap 0000021C9E851360, func 00007FF95BB612CB
dtor     D               dtor.c:196  _al_register_destructor          [   0.20697] added dtor for sub_bitmap 0000021C9E850F80, func 00007FF95BB612CB
dtor     D               dtor.c:196  _al_register_destructor          [   0.20701] added dtor for sub_bitmap 0000021C9E8501F0, func 00007FF95BB612CB
dtor     D               dtor.c:196  _al_register_destructor          [   0.20703] added dtor for sub_bitmap 0000021C9E8526C0, func 00007FF95BB612CB
dtor     D               dtor.c:196  _al_register_destructor          [   0.20706] added dtor for sub_bitmap 0000021C9E850000, func 00007FF95BB612CB
dtor     D               dtor.c:196  _al_register_destructor          [   0.20709] added dtor for sub_bitmap 0000021C9E851740, func 00007FF95BB612CB
dtor     D               dtor.c:196  _al_register_destructor          [   0.20712] added dtor for sub_bitmap 0000021C9E8503E0, func 00007FF95BB612CB
dtor     D               dtor.c:196  _al_register_destructor          [   0.20715] added dtor for sub_bitmap 0000021C9E84EAB0, func 00007FF95BB612CB
dtor     D               dtor.c:196  _al_register_destructor          [   0.20718] added dtor for sub_bitmap 0000021C9E8505D0, func 00007FF95BB612CB
dtor     D               dtor.c:196  _al_register_destructor          [   0.20721] added dtor for sub_bitmap 0000021C9E84EE90, func 00007FF95BB612CB
dtor     D               dtor.c:196  _al_register_destructor          [   0.20724] added dtor for sub_bitmap 0000021C9E850D90, func 00007FF95BB612CB
dtor     D               dtor.c:196  _al_register_destructor          [   0.20727] added dtor for sub_bitmap 0000021C9E84F080, func 00007FF95BB612CB
dtor     D               dtor.c:196  _al_register_destructor          [   0.20730] added dtor for sub_bitmap 0000021C9E84F270, func 00007FF95BB612CB
dtor     D               dtor.c:196  _al_register_destructor          [   0.20732] added dtor for sub_bitmap 0000021C9E84F460, func 00007FF95BB612CB
dtor     D               dtor.c:196  _al_register_destructor          [   0.20735] added dtor for sub_bitmap 0000021C9E8507C0, func 00007FF95BB612CB
dtor     D               dtor.c:196  _al_register_destructor          [   0.20738] added dtor for sub_bitmap 0000021C9E851170, func 00007FF95BB612CB
dtor     D               dtor.c:196  _al_register_destructor          [   0.20741] added dtor for sub_bitmap 0000021C9E851550, func 00007FF95BB612CB
dtor     D               dtor.c:196  _al_register_destructor          [   0.20743] added dtor for sub_bitmap 0000021C9E84FC20, func 00007FF95BB612CB
dtor     D               dtor.c:196  _al_register_destructor          [   0.20746] added dtor for sub_bitmap 0000021C9E84F650, func 00007FF95BB612CB
dtor     D               dtor.c:196  _al_register_destructor          [   0.20749] added dtor for sub_bitmap 0000021C9E84F840, func 00007FF95BB612CB
dtor     D               dtor.c:196  _al_register_destructor          [   0.20751] added dtor for sub_bitmap 0000021C9E84FE10, func 00007FF95BB612CB
dtor     D               dtor.c:196  _al_register_destructor          [   0.20755] added dtor for sub_bitmap 0000021C9E853450, func 00007FF95BB612CB
dtor     D               dtor.c:196  _al_register_destructor          [   0.20758] added dtor for sub_bitmap 0000021C9E853260, func 00007FF95BB612CB
dtor     D               dtor.c:196  _al_register_destructor          [   0.20761] added dtor for sub_bitmap 0000021C9E853640, func 00007FF95BB612CB
dtor     D               dtor.c:196  _al_register_destructor          [   0.20764] added dtor for sub_bitmap 0000021C9E855EF0, func 00007FF95BB612CB
dtor     D               dtor.c:196  _al_register_destructor          [   0.20767] added dtor for sub_bitmap 0000021C9E852E80, func 00007FF95BB612CB
dtor     D               dtor.c:196  _al_register_destructor          [   0.20770] added dtor for sub_bitmap 0000021C9E853C10, func 00007FF95BB612CB
dtor     D               dtor.c:196  _al_register_destructor          [   0.20772] added dtor for sub_bitmap 0000021C9E853E00, func 00007FF95BB612CB
dtor     D               dtor.c:196  _al_register_destructor          [   0.20775] added dtor for sub_bitmap 0000021C9E854F70, func 00007FF95BB612CB
dtor     D               dtor.c:196  _al_register_destructor          [   0.20779] added dtor for sub_bitmap 0000021C9E855920, func 00007FF95BB612CB
dtor     D               dtor.c:196  _al_register_destructor          [   0.20782] added dtor for sub_bitmap 0000021C9E853070, func 00007FF95BB612CB
dtor     D               dtor.c:196  _al_register_destructor          [   0.20785] added dtor for sub_bitmap 0000021C9E8541E0, func 00007FF95BB612CB
dtor     D               dtor.c:196  _al_register_destructor          [   0.20787] added dtor for sub_bitmap 0000021C9E8560E0, func 00007FF95BB612CB
dtor     D               dtor.c:196  _al_register_destructor          [   0.20791] added dtor for sub_bitmap 0000021C9E852C90, func 00007FF95BB612CB
dtor     D               dtor.c:196  _al_register_destructor          [   0.20793] added dtor for sub_bitmap 0000021C9E853830, func 00007FF95BB612CB
dtor     D               dtor.c:196  _al_register_destructor          [   0.20796] added dtor for sub_bitmap 0000021C9E8543D0, func 00007FF95BB612CB
dtor     D               dtor.c:196  _al_register_destructor          [   0.20799] added dtor for sub_bitmap 0000021C9E8549A0, func 00007FF95BB612CB
dtor     D               dtor.c:196  _al_register_destructor          [   0.20801] added dtor for sub_bitmap 0000021C9E852AA0, func 00007FF95BB612CB
dtor     D               dtor.c:196  _al_register_destructor          [   0.20804] added dtor for sub_bitmap 0000021C9E8545C0, func 00007FF95BB612CB
dtor     D               dtor.c:196  _al_register_destructor          [   0.20807] added dtor for sub_bitmap 0000021C9E853FF0, func 00007FF95BB612CB
dtor     D               dtor.c:196  _al_register_destructor          [   0.20810] added dtor for sub_bitmap 0000021C9E8547B0, func 00007FF95BB612CB
dtor     D               dtor.c:196  _al_register_destructor          [   0.20812] added dtor for sub_bitmap 0000021C9E854B90, func 00007FF95BB612CB
dtor     D               dtor.c:196  _al_register_destructor          [   0.20815] added dtor for sub_bitmap 0000021C9E855B10, func 00007FF95BB612CB
dtor     D               dtor.c:227  _al_unregister_destructor        [   0.20819] removed dtor for bitmap 0000021C9E4640B0
dtor     D               dtor.c:196  _al_register_destructor          [   0.20823] added dtor for font 0000021C9AB47C20, func 00007FF9CC5310E6
dtor     D               dtor.c:227  _al_unregister_destructor        [   0.20827] removed dtor for bitmap 0000021C9E463EB0
dtor     D               dtor.c:196  _al_register_destructor          [   0.20836] added dtor for timer 0000021C98C17CB0, func 00007FF95BB613CA
stdio    D         file_stdio.c:107  file_stdio_fopen                 [   0.20839] opening ./mage_spritesheet.png rb
stdio    D         file_stdio.c:107  file_stdio_fopen                 [   0.20865] opening ./mage_spritesheet.png rb
d3d      D         d3d_disp.cpp:1251 real_choose_bitmap_format        [   0.20886] Fake format
d3d      D         d3d_disp.cpp:1251 real_choose_bitmap_format        [   0.20889] Fake format
d3d      D         d3d_disp.cpp:1251 real_choose_bitmap_format        [   0.20890] Fake format
d3d      D         d3d_disp.cpp:1251 real_choose_bitmap_format        [   0.20892] Fake format
d3d      D         d3d_disp.cpp:1251 real_choose_bitmap_format        [   0.20894] Fake format
d3d      D         d3d_disp.cpp:1251 real_choose_bitmap_format        [   0.20895] Fake format
d3d      D         d3d_disp.cpp:1251 real_choose_bitmap_format        [   0.20897] Fake format
d3d      D         d3d_disp.cpp:1251 real_choose_bitmap_format        [   0.20899] Fake format
d3d      D         d3d_disp.cpp:1251 real_choose_bitmap_format        [   0.20901] Fake format
d3d      D         d3d_disp.cpp:1259 real_choose_bitmap_format        [   0.20902] Alpha doesn't match
d3d      D         d3d_disp.cpp:1266 real_choose_bitmap_format        [   0.20904] Adapter format is 23
d3d      D         d3d_disp.cpp:1269 real_choose_bitmap_format        [   0.20906] Found a format
d3d      I         d3d_disp.cpp:2467 d3d_create_bitmap                [   0.20916] Chose bitmap format 9
dtor     D               dtor.c:196  _al_register_destructor          [   0.20998] added dtor for bitmap 0000021C9E854D80, func 00007FF95BB612CB
stdio    D         file_stdio.c:107  file_stdio_fopen                 [   0.22442] opening ./alvo.png rb
stdio    D         file_stdio.c:107  file_stdio_fopen                 [   0.22466] opening ./alvo.png rb
d3d      D         d3d_disp.cpp:1251 real_choose_bitmap_format        [   0.22480] Fake format
d3d      D         d3d_disp.cpp:1251 real_choose_bitmap_format        [   0.22484] Fake format
d3d      D         d3d_disp.cpp:1251 real_choose_bitmap_format        [   0.22486] Fake format
d3d      D         d3d_disp.cpp:1251 real_choose_bitmap_format        [   0.22489] Fake format
d3d      D         d3d_disp.cpp:1251 real_choose_bitmap_format        [   0.22491] Fake format
d3d      D         d3d_disp.cpp:1251 real_choose_bitmap_format        [   0.22493] Fake format
d3d      D         d3d_disp.cpp:1251 real_choose_bitmap_format        [   0.22496] Fake format
d3d      D         d3d_disp.cpp:1251 real_choose_bitmap_format        [   0.22499] Fake format
d3d      D         d3d_disp.cpp:1251 real_choose_bitmap_format        [   0.22501] Fake format
d3d      D         d3d_disp.cpp:1259 real_choose_bitmap_format        [   0.22502] Alpha doesn't match
d3d      D         d3d_disp.cpp:1266 real_choose_bitmap_format        [   0.22504] Adapter format is 23
d3d      D         d3d_disp.cpp:1269 real_choose_bitmap_format        [   0.22506] Found a format
d3d      I         d3d_disp.cpp:2467 d3d_create_bitmap                [   0.22508] Chose bitmap format 9
dtor     D               dtor.c:196  _al_register_destructor          [   0.22594] added dtor for bitmap 0000021C9E855160, func 00007FF95BB612CB
stdio    D         file_stdio.c:107  file_stdio_fopen                 [   0.24605] opening ./background1.png rb
stdio    D         file_stdio.c:107  file_stdio_fopen                 [   0.24630] opening ./background1.png rb
d3d      D         d3d_disp.cpp:1251 real_choose_bitmap_format        [   0.24716] Fake format
d3d      D         d3d_disp.cpp:1251 real_choose_bitmap_format        [   0.24722] Fake format
d3d      D         d3d_disp.cpp:1251 real_choose_bitmap_format        [   0.24725] Fake format
d3d      D         d3d_disp.cpp:1251 real_choose_bitmap_format        [   0.24726] Fake format
d3d      D         d3d_disp.cpp:1251 real_choose_bitmap_format        [   0.24728] Fake format
d3d      D         d3d_disp.cpp:1251 real_choose_bitmap_format        [   0.24729] Fake format
d3d      D         d3d_disp.cpp:1251 real_choose_bitmap_format        [   0.24730] Fake format
d3d      D         d3d_disp.cpp:1251 real_choose_bitmap_format        [   0.24732] Fake format
d3d      D         d3d_disp.cpp:1251 real_choose_bitmap_format        [   0.24733] Fake format
d3d      D         d3d_disp.cpp:1259 real_choose_bitmap_format        [   0.24735] Alpha doesn't match
d3d      D         d3d_disp.cpp:1266 real_choose_bitmap_format        [   0.24736] Adapter format is 23
d3d      D         d3d_disp.cpp:1269 real_choose_bitmap_format        [   0.24738] Found a format
d3d      I         d3d_disp.cpp:2467 d3d_create_bitmap                [   0.24740] Chose bitmap format 9
dtor     D               dtor.c:196  _al_register_destructor          [   0.24973] added dtor for bitmap 0000021C9E855350, func 00007FF95BB612CB
dtor     D               dtor.c:196  _al_register_destructor          [   0.28574] added dtor for queue 0000021C9ABDF270, func 00007FF95BB6134D
d3d      D          d3d_bmp.cpp:539  _al_d3d_sync_bitmap              [   0.33494] _al_d3d_sync_bitmap (system) ref count == 1
d3d      D          d3d_bmp.cpp:545  _al_d3d_sync_bitmap              [   0.33502] _al_d3d_sync_bitmap (video) ref count == 1
d3d      D          d3d_bmp.cpp:539  _al_d3d_sync_bitmap              [   0.33643] _al_d3d_sync_bitmap (system) ref count == 1
d3d      D          d3d_bmp.cpp:545  _al_d3d_sync_bitmap              [   0.33658] _al_d3d_sync_bitmap (video) ref count == 1
d3d      D          d3d_bmp.cpp:539  _al_d3d_sync_bitmap              [   0.33889] _al_d3d_sync_bitmap (system) ref count == 1
d3d      D          d3d_bmp.cpp:545  _al_d3d_sync_bitmap              [   0.33895] _al_d3d_sync_bitmap (video) ref count == 1
d3d      D          d3d_bmp.cpp:539  _al_d3d_sync_bitmap              [   0.34038] _al_d3d_sync_bitmap (system) ref count == 1
d3d      D          d3d_bmp.cpp:545  _al_d3d_sync_bitmap              [   0.34043] _al_d3d_sync_bitmap (video) ref count == 1
dtor     D               dtor.c:227  _al_unregister_destructor        [  10.08455] removed dtor for bitmap 0000021C9E854D80
dtor     D               dtor.c:227  _al_unregister_destructor        [  10.08524] removed dtor for bitmap 0000021C9E855160
dtor     D               dtor.c:227  _al_unregister_destructor        [  10.08591] removed dtor for bitmap 0000021C9E855350
dtor     D               dtor.c:227  _al_unregister_destructor        [  10.08717] removed dtor for timer 0000021C98C17CB0
dtor     D               dtor.c:227  _al_unregister_destructor        [  10.08755] removed dtor for font 0000021C9AB47C20
dtor     D               dtor.c:227  _al_unregister_destructor        [  10.08760] removed dtor for sub_bitmap 0000021C9E464E80
dtor     D               dtor.c:227  _al_unregister_destructor        [  10.08764] removed dtor for sub_bitmap 0000021C9E465080
dtor     D               dtor.c:227  _al_unregister_destructor        [  10.08766] removed dtor for sub_bitmap 0000021C9ABF5450
dtor     D               dtor.c:227  _al_unregister_destructor        [  10.08768] removed dtor for sub_bitmap 0000021C9ABF5A20
dtor     D               dtor.c:227  _al_unregister_destructor        [  10.08770] removed dtor for sub_bitmap 0000021C9ABF5C10
dtor     D               dtor.c:227  _al_unregister_destructor        [  10.08772] removed dtor for sub_bitmap 0000021C9ABF5640
dtor     D               dtor.c:227  _al_unregister_destructor        [  10.08774] removed dtor for sub_bitmap 0000021C9ABF5E00
dtor     D               dtor.c:227  _al_unregister_destructor        [  10.08776] removed dtor for sub_bitmap 0000021C9ABF5830
dtor     D               dtor.c:227  _al_unregister_destructor        [  10.08778] removed dtor for sub_bitmap 0000021C9ABF5070
dtor     D               dtor.c:227  _al_unregister_destructor        [  10.08780] removed dtor for sub_bitmap 0000021C9ABF5260
dtor     D               dtor.c:227  _al_unregister_destructor        [  10.08782] removed dtor for sub_bitmap 0000021C9ABF7C10
dtor     D               dtor.c:227  _al_unregister_destructor        [  10.08784] removed dtor for sub_bitmap 0000021C9ABF7FF0
dtor     D               dtor.c:227  _al_unregister_destructor        [  10.08786] removed dtor for sub_bitmap 0000021C9ABF7070
dtor     D               dtor.c:227  _al_unregister_destructor        [  10.08788] removed dtor for sub_bitmap 0000021C9ABF83D0
dtor     D               dtor.c:227  _al_unregister_destructor        [  10.08790] removed dtor for sub_bitmap 0000021C9ABF7260
dtor     D               dtor.c:227  _al_unregister_destructor        [  10.08792] removed dtor for sub_bitmap 0000021C9ABF8D80
dtor     D               dtor.c:227  _al_unregister_destructor        [  10.08794] removed dtor for sub_bitmap 0000021C9ABF89A0
dtor     D               dtor.c:227  _al_unregister_destructor        [  10.08795] removed dtor for sub_bitmap 0000021C9ABF85C0
dtor     D               dtor.c:227  _al_unregister_destructor        [  10.08797] removed dtor for sub_bitmap 0000021C9ABF81E0
dtor     D               dtor.c:227  _al_unregister_destructor        [  10.08799] removed dtor for sub_bitmap 0000021C9ABF7450
dtor     D               dtor.c:227  _al_unregister_destructor        [  10.08801] removed dtor for sub_bitmap 0000021C9ABF7E00
dtor     D               dtor.c:227  _al_unregister_destructor        [  10.08806] removed dtor for sub_bitmap 0000021C9ABF87B0
dtor     D               dtor.c:227  _al_unregister_destructor        [  10.08808] removed dtor for sub_bitmap 0000021C9ABF7830
dtor     D               dtor.c:227  _al_unregister_destructor        [  10.08812] removed dtor for sub_bitmap 0000021C9ABF8B90
dtor     D               dtor.c:227  _al_unregister_destructor        [  10.08814] removed dtor for sub_bitmap 0000021C9ABF7640
dtor     D               dtor.c:227  _al_unregister_destructor        [  10.08815] removed dtor for sub_bitmap 0000021C9ABF7A20
dtor     D               dtor.c:227  _al_unregister_destructor        [  10.08817] removed dtor for sub_bitmap 0000021C9ABFA640
dtor     D               dtor.c:227  _al_unregister_destructor        [  10.08819] removed dtor for sub_bitmap 0000021C9ABFBD80
dtor     D               dtor.c:227  _al_unregister_destructor        [  10.08821] removed dtor for sub_bitmap 0000021C9ABFB3D0
dtor     D               dtor.c:227  _al_unregister_destructor        [  10.08823] removed dtor for sub_bitmap 0000021C9ABFAFF0
dtor     D               dtor.c:227  _al_unregister_destructor        [  10.08824] removed dtor for sub_bitmap 0000021C9ABFA260
dtor     D               dtor.c:227  _al_unregister_destructor        [  10.08826] removed dtor for sub_bitmap 0000021C9ABFB1E0
dtor     D               dtor.c:227  _al_unregister_destructor        [  10.08828] removed dtor for sub_bitmap 0000021C9ABFAE00
dtor     D               dtor.c:227  _al_unregister_destructor        [  10.08830] removed dtor for sub_bitmap 0000021C9ABFA830
dtor     D               dtor.c:227  _al_unregister_destructor        [  10.08831] removed dtor for sub_bitmap 0000021C9ABFAA20
dtor     D               dtor.c:227  _al_unregister_destructor        [  10.08833] removed dtor for sub_bitmap 0000021C9ABFB5C0
dtor     D               dtor.c:227  _al_unregister_destructor        [  10.08835] removed dtor for sub_bitmap 0000021C9ABFB7B0
dtor     D               dtor.c:227  _al_unregister_destructor        [  10.08837] removed dtor for sub_bitmap 0000021C9ABFBB90
dtor     D               dtor.c:227  _al_unregister_destructor        [  10.08838] removed dtor for sub_bitmap 0000021C9ABFA450
dtor     D               dtor.c:227  _al_unregister_destructor        [  10.08840] removed dtor for sub_bitmap 0000021C9ABFA070
dtor     D               dtor.c:227  _al_unregister_destructor        [  10.08842] removed dtor for sub_bitmap 0000021C9ABFB9A0
dtor     D               dtor.c:227  _al_unregister_destructor        [  10.08844] removed dtor for sub_bitmap 0000021C9ABFAC10
dtor     D               dtor.c:227  _al_unregister_destructor        [  10.08845] removed dtor for sub_bitmap 0000021C9ABFD3D0
dtor     D               dtor.c:227  _al_unregister_destructor        [  10.08847] removed dtor for sub_bitmap 0000021C9ABFC830
dtor     D               dtor.c:227  _al_unregister_destructor        [  10.08849] removed dtor for sub_bitmap 0000021C9ABFCE00
dtor     D               dtor.c:227  _al_unregister_destructor        [  10.08852] removed dtor for sub_bitmap 0000021C9ABFDD80
dtor     D               dtor.c:227  _al_unregister_destructor        [  10.08854] removed dtor for sub_bitmap 0000021C9ABFC260
dtor     D               dtor.c:227  _al_unregister_destructor        [  10.08855] removed dtor for sub_bitmap 0000021C9ABFC640
dtor     D               dtor.c:227  _al_unregister_destructor        [  10.08857] removed dtor for sub_bitmap 0000021C9ABFCFF0
dtor     D               dtor.c:227  _al_unregister_destructor        [  10.08860] removed dtor for sub_bitmap 0000021C9ABFD5C0
dtor     D               dtor.c:227  _al_unregister_destructor        [  10.08864] removed dtor for sub_bitmap 0000021C9ABFC450
dtor     D               dtor.c:227  _al_unregister_destructor        [  10.08866] removed dtor for sub_bitmap 0000021C9ABFCC10
dtor     D               dtor.c:227  _al_unregister_destructor        [  10.08867] removed dtor for sub_bitmap 0000021C9ABFD9A0
dtor     D               dtor.c:227  _al_unregister_destructor        [  10.08869] removed dtor for sub_bitmap 0000021C9ABFD7B0
dtor     D               dtor.c:227  _al_unregister_destructor        [  10.08871] removed dtor for sub_bitmap 0000021C9ABFD1E0
dtor     D               dtor.c:227  _al_unregister_destructor        [  10.08874] removed dtor for sub_bitmap 0000021C9ABFDB90
dtor     D               dtor.c:227  _al_unregister_destructor        [  10.08876] removed dtor for sub_bitmap 0000021C9ABFC070
dtor     D               dtor.c:227  _al_unregister_destructor        [  10.08877] removed dtor for sub_bitmap 0000021C9ABFCA20
dtor     D               dtor.c:227  _al_unregister_destructor        [  10.08879] removed dtor for sub_bitmap 0000021C9E4F39A0
dtor     D               dtor.c:227  _al_unregister_destructor        [  10.08881] removed dtor for sub_bitmap 0000021C9E4F37B0
dtor     D               dtor.c:227  _al_unregister_destructor        [  10.08884] removed dtor for sub_bitmap 0000021C9E4F2450
dtor     D               dtor.c:227  _al_unregister_destructor        [  10.08886] removed dtor for sub_bitmap 0000021C9E4F2E00
dtor     D               dtor.c:227  _al_unregister_destructor        [  10.08888] removed dtor for sub_bitmap 0000021C9E4F2260
dtor     D               dtor.c:227  _al_unregister_destructor        [  10.08890] removed dtor for sub_bitmap 0000021C9E4F33D0
dtor     D               dtor.c:227  _al_unregister_destructor        [  10.08892] removed dtor for sub_bitmap 0000021C9E4F3B90
dtor     D               dtor.c:227  _al_unregister_destructor        [  10.08893] removed dtor for sub_bitmap 0000021C9E4F3D80
dtor     D               dtor.c:227  _al_unregister_destructor        [  10.08895] removed dtor for sub_bitmap 0000021C9E4F2FF0
dtor     D               dtor.c:227  _al_unregister_destructor        [  10.08897] removed dtor for sub_bitmap 0000021C9E4F2640
dtor     D               dtor.c:227  _al_unregister_destructor        [  10.08899] removed dtor for sub_bitmap 0000021C9E4F31E0
dtor     D               dtor.c:227  _al_unregister_destructor        [  10.08901] removed dtor for sub_bitmap 0000021C9E4F2830
dtor     D               dtor.c:227  _al_unregister_destructor        [  10.08904] removed dtor for sub_bitmap 0000021C9E4F35C0
dtor     D               dtor.c:227  _al_unregister_destructor        [  10.08906] removed dtor for sub_bitmap 0000021C9E4F2A20
dtor     D               dtor.c:227  _al_unregister_destructor        [  10.08908] removed dtor for sub_bitmap 0000021C9E4F2070
dtor     D               dtor.c:227  _al_unregister_destructor        [  10.08911] removed dtor for sub_bitmap 0000021C9E4F2C10
dtor     D               dtor.c:227  _al_unregister_destructor        [  10.08913] removed dtor for sub_bitmap 0000021C9E4F53D0
dtor     D               dtor.c:227  _al_unregister_destructor        [  10.08916] removed dtor for sub_bitmap 0000021C9E4F59A0
dtor     D               dtor.c:227  _al_unregister_destructor        [  10.08918] removed dtor for sub_bitmap 0000021C9E4F4450
dtor     D               dtor.c:227  _al_unregister_destructor        [  10.08920] removed dtor for sub_bitmap 0000021C9E4F4FF0
dtor     D               dtor.c:227  _al_unregister_destructor        [  10.08921] removed dtor for sub_bitmap 0000021C9E4F55C0
dtor     D               dtor.c:227  _al_unregister_destructor        [  10.08923] removed dtor for sub_bitmap 0000021C9E4F4C10
dtor     D               dtor.c:227  _al_unregister_destructor        [  10.08925] removed dtor for sub_bitmap 0000021C9E4F5B90
dtor     D               dtor.c:227  _al_unregister_destructor        [  10.08927] removed dtor for sub_bitmap 0000021C9E4F4E00
dtor     D               dtor.c:227  _al_unregister_destructor        [  10.08928] removed dtor for sub_bitmap 0000021C9E4F5D80
dtor     D               dtor.c:227  _al_unregister_destructor        [  10.08930] removed dtor for sub_bitmap 0000021C9E4F4070
dtor     D               dtor.c:227  _al_unregister_destructor        [  10.08932] removed dtor for sub_bitmap 0000021C9E4F51E0
dtor     D               dtor.c:227  _al_unregister_destructor        [  10.08934] removed dtor for sub_bitmap 0000021C9E4F57B0
dtor     D               dtor.c:227  _al_unregister_destructor        [  10.08935] removed dtor for sub_bitmap 0000021C9E4F4260
dtor     D               dtor.c:227  _al_unregister_destructor        [  10.08937] removed dtor for sub_bitmap 0000021C9E4F4640
dtor     D               dtor.c:227  _al_unregister_destructor        [  10.08939] removed dtor for sub_bitmap 0000021C9E4F4830
dtor     D               dtor.c:227  _al_unregister_destructor        [  10.08941] removed dtor for sub_bitmap 0000021C9E4F4A20
dtor     D               dtor.c:227  _al_unregister_destructor        [  10.08943] removed dtor for sub_bitmap 0000021C9E4F71E0
dtor     D               dtor.c:227  _al_unregister_destructor        [  10.08944] removed dtor for sub_bitmap 0000021C9E4F6C10
dtor     D               dtor.c:227  _al_unregister_destructor        [  10.08946] removed dtor for sub_bitmap 0000021C9E4F73D0
dtor     D               dtor.c:227  _al_unregister_destructor        [  10.08948] removed dtor for sub_bitmap 0000021C9E4F6070
dtor     D               dtor.c:227  _al_unregister_destructor        [  10.08950] removed dtor for sub_bitmap 0000021C9E4F6A20
dtor     D               dtor.c:227  _al_unregister_destructor        [  10.08951] removed dtor for sub_bitmap 0000021C9E4F75C0
dtor     D               dtor.c:227  _al_unregister_destructor        [  10.08953] removed dtor for sub_bitmap 0000021C9E4F6FF0
dtor     D               dtor.c:227  _al_unregister_destructor        [  10.08955] removed dtor for sub_bitmap 0000021C9E4F6260
dtor     D               dtor.c:227  _al_unregister_destructor        [  10.08957] removed dtor for sub_bitmap 0000021C9E4F6830
dtor     D               dtor.c:227  _al_unregister_destructor        [  10.08960] removed dtor for sub_bitmap 0000021C9E4F77B0
dtor     D               dtor.c:227  _al_unregister_destructor        [  10.08964] removed dtor for sub_bitmap 0000021C9E4F6E00
dtor     D               dtor.c:227  _al_unregister_destructor        [  10.08966] removed dtor for sub_bitmap 0000021C9E4F79A0
dtor     D               dtor.c:227  _al_unregister_destructor        [  10.08968] removed dtor for sub_bitmap 0000021C9E4F6450
dtor     D               dtor.c:227  _al_unregister_destructor        [  10.08970] removed dtor for sub_bitmap 0000021C9E4F7B90
dtor     D               dtor.c:227  _al_unregister_destructor        [  10.08972] removed dtor for sub_bitmap 0000021C9E4F7D80
dtor     D               dtor.c:227  _al_unregister_destructor        [  10.08974] removed dtor for sub_bitmap 0000021C9E4F6640
dtor     D               dtor.c:227  _al_unregister_destructor        [  10.08976] removed dtor for sub_bitmap 0000021C9E4F9E00
dtor     D               dtor.c:227  _al_unregister_destructor        [  10.08978] removed dtor for sub_bitmap 0000021C9E4FA9A0
dtor     D               dtor.c:227  _al_unregister_destructor        [  10.08980] removed dtor for sub_bitmap 0000021C9E4FA3D0
dtor     D               dtor.c:227  _al_unregister_destructor        [  10.08982] removed dtor for sub_bitmap 0000021C9E4F9070
dtor     D               dtor.c:227  _al_unregister_destructor        [  10.08984] removed dtor for sub_bitmap 0000021C9E4FAB90
dtor     D               dtor.c:227  _al_unregister_destructor        [  10.08986] removed dtor for sub_bitmap 0000021C9E4FAD80
dtor     D               dtor.c:227  _al_unregister_destructor        [  10.08988] removed dtor for sub_bitmap 0000021C9E4F9450
dtor     D               dtor.c:227  _al_unregister_destructor        [  10.08991] removed dtor for sub_bitmap 0000021C9E4FA5C0
dtor     D               dtor.c:227  _al_unregister_destructor        [  10.08995] removed dtor for sub_bitmap 0000021C9E4F9C10
dtor     D               dtor.c:227  _al_unregister_destructor        [  10.08996] removed dtor for sub_bitmap 0000021C9E4F9640
dtor     D               dtor.c:227  _al_unregister_destructor        [  10.08998] removed dtor for sub_bitmap 0000021C9E4F9FF0
dtor     D               dtor.c:227  _al_unregister_destructor        [  10.09000] removed dtor for sub_bitmap 0000021C9E4FA7B0
dtor     D               dtor.c:227  _al_unregister_destructor        [  10.09002] removed dtor for sub_bitmap 0000021C9E4FA1E0
dtor     D               dtor.c:227  _al_unregister_destructor        [  10.09004] removed dtor for sub_bitmap 0000021C9E4F9260
dtor     D               dtor.c:227  _al_unregister_destructor        [  10.09006] removed dtor for sub_bitmap 0000021C9E4F9830
dtor     D               dtor.c:227  _al_unregister_destructor        [  10.09008] removed dtor for sub_bitmap 0000021C9E4F9A20
dtor     D               dtor.c:227  _al_unregister_destructor        [  10.09010] removed dtor for sub_bitmap 0000021C9E4FCC10
dtor     D               dtor.c:227  _al_unregister_destructor        [  10.09012] removed dtor for sub_bitmap 0000021C9E4FC070
dtor     D               dtor.c:227  _al_unregister_destructor        [  10.09015] removed dtor for sub_bitmap 0000021C9E4FCFF0
dtor     D               dtor.c:227  _al_unregister_destructor        [  10.09019] removed dtor for sub_bitmap 0000021C9E4FC640
dtor     D               dtor.c:227  _al_unregister_destructor        [  10.09022] removed dtor for sub_bitmap 0000021C9E4FD5C0
dtor     D               dtor.c:227  _al_unregister_destructor        [  10.09024] removed dtor for sub_bitmap 0000021C9E4FCE00
dtor     D               dtor.c:227  _al_unregister_destructor        [  10.09026] removed dtor for sub_bitmap 0000021C9E4FC260
dtor     D               dtor.c:227  _al_unregister_destructor        [  10.09028] removed dtor for sub_bitmap 0000021C9E4FD9A0
dtor     D               dtor.c:227  _al_unregister_destructor        [  10.09030] removed dtor for sub_bitmap 0000021C9E4FDB90
dtor     D               dtor.c:227  _al_unregister_destructor        [  10.09032] removed dtor for sub_bitmap 0000021C9E4FC450
dtor     D               dtor.c:227  _al_unregister_destructor        [  10.09034] removed dtor for sub_bitmap 0000021C9E4FDD80
dtor     D               dtor.c:227  _al_unregister_destructor        [  10.09036] removed dtor for sub_bitmap 0000021C9E4FC830
dtor     D               dtor.c:227  _al_unregister_destructor        [  10.09038] removed dtor for sub_bitmap 0000021C9E4FD1E0
dtor     D               dtor.c:227  _al_unregister_destructor        [  10.09040] removed dtor for sub_bitmap 0000021C9E4FD3D0
dtor     D               dtor.c:227  _al_unregister_destructor        [  10.09042] removed dtor for sub_bitmap 0000021C9E4FD7B0
dtor     D               dtor.c:227  _al_unregister_destructor        [  10.09044] removed dtor for sub_bitmap 0000021C9E4FCA20
dtor     D               dtor.c:227  _al_unregister_destructor        [  10.09047] removed dtor for sub_bitmap 0000021C9ABE2C10
dtor     D               dtor.c:227  _al_unregister_destructor        [  10.09050] removed dtor for sub_bitmap 0000021C9ABE2A20
dtor     D               dtor.c:227  _al_unregister_destructor        [  10.09053] removed dtor for sub_bitmap 0000021C9ABE2E00
dtor     D               dtor.c:227  _al_unregister_destructor        [  10.09055] removed dtor for sub_bitmap 0000021C9ABE56B0
dtor     D               dtor.c:227  _al_unregister_destructor        [  10.09057] removed dtor for sub_bitmap 0000021C9ABE2640
dtor     D               dtor.c:227  _al_unregister_destructor        [  10.09060] removed dtor for sub_bitmap 0000021C9ABE33D0
dtor     D               dtor.c:227  _al_unregister_destructor        [  10.09062] removed dtor for sub_bitmap 0000021C9ABE35C0
dtor     D               dtor.c:227  _al_unregister_destructor        [  10.09064] removed dtor for sub_bitmap 0000021C9ABE4730
dtor     D               dtor.c:227  _al_unregister_destructor        [  10.09065] removed dtor for sub_bitmap 0000021C9ABE50E0
dtor     D               dtor.c:227  _al_unregister_destructor        [  10.09067] removed dtor for sub_bitmap 0000021C9ABE2830
dtor     D               dtor.c:227  _al_unregister_destructor        [  10.09069] removed dtor for sub_bitmap 0000021C9ABE39A0
dtor     D               dtor.c:227  _al_unregister_destructor        [  10.09075] removed dtor for sub_bitmap 0000021C9ABE31E0
dtor     D               dtor.c:227  _al_unregister_destructor        [  10.09079] removed dtor for sub_bitmap 0000021C9ABE4920
dtor     D               dtor.c:227  _al_unregister_destructor        [  10.09081] removed dtor for sub_bitmap 0000021C9ABE37B0
dtor     D               dtor.c:227  _al_unregister_destructor        [  10.09083] removed dtor for sub_bitmap 0000021C9ABE3B90
dtor     D               dtor.c:227  _al_unregister_destructor        [  10.09085] removed dtor for sub_bitmap 0000021C9ABE4160
dtor     D               dtor.c:227  _al_unregister_destructor        [  10.09087] removed dtor for sub_bitmap 0000021C9ABE2260
dtor     D               dtor.c:227  _al_unregister_destructor        [  10.09089] removed dtor for sub_bitmap 0000021C9ABE3D80
dtor     D               dtor.c:227  _al_unregister_destructor        [  10.09091] removed dtor for sub_bitmap 0000021C9ABE3F70
dtor     D               dtor.c:227  _al_unregister_destructor        [  10.09093] removed dtor for sub_bitmap 0000021C9ABE4350
dtor     D               dtor.c:227  _al_unregister_destructor        [  10.09095] removed dtor for sub_bitmap 0000021C9ABE4540
dtor     D               dtor.c:227  _al_unregister_destructor        [  10.09097] removed dtor for sub_bitmap 0000021C9ABE2FF0
dtor     D               dtor.c:227  _al_unregister_destructor        [  10.09099] removed dtor for sub_bitmap 0000021C9ABE4B10
dtor     D               dtor.c:227  _al_unregister_destructor        [  10.09101] removed dtor for sub_bitmap 0000021C9ABE5A90
dtor     D               dtor.c:227  _al_unregister_destructor        [  10.09103] removed dtor for sub_bitmap 0000021C9ABE4D00
dtor     D               dtor.c:227  _al_unregister_destructor        [  10.09105] removed dtor for sub_bitmap 0000021C9ABE4EF0
dtor     D               dtor.c:227  _al_unregister_destructor        [  10.09107] removed dtor for sub_bitmap 0000021C9ABE5C80
dtor     D               dtor.c:227  _al_unregister_destructor        [  10.09109] removed dtor for sub_bitmap 0000021C9ABE52D0
dtor     D               dtor.c:227  _al_unregister_destructor        [  10.09111] removed dtor for sub_bitmap 0000021C9ABE54C0
dtor     D               dtor.c:227  _al_unregister_destructor        [  10.09113] removed dtor for sub_bitmap 0000021C9ABE2070
dtor     D               dtor.c:227  _al_unregister_destructor        [  10.09115] removed dtor for sub_bitmap 0000021C9ABE58A0
dtor     D               dtor.c:227  _al_unregister_destructor        [  10.09118] removed dtor for sub_bitmap 0000021C9ABE2450
dtor     D               dtor.c:227  _al_unregister_destructor        [  10.09120] removed dtor for sub_bitmap 0000021C9E843C50
dtor     D               dtor.c:227  _al_unregister_destructor        [  10.09122] removed dtor for sub_bitmap 0000021C9E843E40
dtor     D               dtor.c:227  _al_unregister_destructor        [  10.09124] removed dtor for sub_bitmap 0000021C9E844220
dtor     D               dtor.c:227  _al_unregister_destructor        [  10.09126] removed dtor for sub_bitmap 0000021C9E845580
dtor     D               dtor.c:227  _al_unregister_destructor        [  10.09130] removed dtor for sub_bitmap 0000021C9E844BD0
dtor     D               dtor.c:227  _al_unregister_destructor        [  10.09131] removed dtor for sub_bitmap 0000021C9E844030
dtor     D               dtor.c:227  _al_unregister_destructor        [  10.09133] removed dtor for sub_bitmap 0000021C9E844600
dtor     D               dtor.c:227  _al_unregister_destructor        [  10.09135] removed dtor for sub_bitmap 0000021C9E845390
dtor     D               dtor.c:227  _al_unregister_destructor        [  10.09137] removed dtor for sub_bitmap 0000021C9E845770
dtor     D               dtor.c:227  _al_unregister_destructor        [  10.09139] removed dtor for sub_bitmap 0000021C9E8430B0
dtor     D               dtor.c:227  _al_unregister_destructor        [  10.09141] removed dtor for sub_bitmap 0000021C9E844FB0
dtor     D               dtor.c:227  _al_unregister_destructor        [  10.09143] removed dtor for sub_bitmap 0000021C9E846AD0
dtor     D               dtor.c:227  _al_unregister_destructor        [  10.09145] removed dtor for sub_bitmap 0000021C9E844DC0
dtor     D               dtor.c:227  _al_unregister_destructor        [  10.09147] removed dtor for sub_bitmap 0000021C9E843A60
dtor     D               dtor.c:227  _al_unregister_destructor        [  10.09149] removed dtor for sub_bitmap 0000021C9E843680
dtor     D               dtor.c:227  _al_unregister_destructor        [  10.09151] removed dtor for sub_bitmap 0000021C9E8447F0
dtor     D               dtor.c:227  _al_unregister_destructor        [  10.09153] removed dtor for sub_bitmap 0000021C9E8451A0
dtor     D               dtor.c:227  _al_unregister_destructor        [  10.09155] removed dtor for sub_bitmap 0000021C9E845960
dtor     D               dtor.c:227  _al_unregister_destructor        [  10.09157] removed dtor for sub_bitmap 0000021C9E845B50
dtor     D               dtor.c:227  _al_unregister_destructor        [  10.09158] removed dtor for sub_bitmap 0000021C9E845D40
dtor     D               dtor.c:227  _al_unregister_destructor        [  10.09160] removed dtor for sub_bitmap 0000021C9E846120
dtor     D               dtor.c:227  _al_unregister_destructor        [  10.09164] removed dtor for sub_bitmap 0000021C9E844410
dtor     D               dtor.c:227  _al_unregister_destructor        [  10.09166] removed dtor for sub_bitmap 0000021C9E8449E0
dtor     D               dtor.c:227  _al_unregister_destructor        [  10.09168] removed dtor for sub_bitmap 0000021C9E843490
dtor     D               dtor.c:227  _al_unregister_destructor        [  10.09170] removed dtor for sub_bitmap 0000021C9E845F30
dtor     D               dtor.c:227  _al_unregister_destructor        [  10.09172] removed dtor for sub_bitmap 0000021C9E846310
dtor     D               dtor.c:227  _al_unregister_destructor        [  10.09175] removed dtor for sub_bitmap 0000021C9E846500
dtor     D               dtor.c:227  _al_unregister_destructor        [  10.09177] removed dtor for sub_bitmap 0000021C9E8432A0
dtor     D               dtor.c:227  _al_unregister_destructor        [  10.09179] removed dtor for sub_bitmap 0000021C9E8466F0
dtor     D               dtor.c:227  _al_unregister_destructor        [  10.09181] removed dtor for sub_bitmap 0000021C9E8468E0
dtor     D               dtor.c:227  _al_unregister_destructor        [  10.09183] removed dtor for sub_bitmap 0000021C9E846CC0
dtor     D               dtor.c:227  _al_unregister_destructor        [  10.09185] removed dtor for sub_bitmap 0000021C9E843870
dtor     D               dtor.c:227  _al_unregister_destructor        [  10.09187] removed dtor for sub_bitmap 0000021C9E847480
dtor     D               dtor.c:227  _al_unregister_destructor        [  10.09189] removed dtor for sub_bitmap 0000021C9E849F20
dtor     D               dtor.c:227  _al_unregister_destructor        [  10.09191] removed dtor for sub_bitmap 0000021C9E847670
dtor     D               dtor.c:227  _al_unregister_destructor        [  10.09193] removed dtor for sub_bitmap 0000021C9E846EB0
dtor     D               dtor.c:227  _al_unregister_destructor        [  10.09195] removed dtor for sub_bitmap 0000021C9E84A110
dtor     D               dtor.c:227  _al_unregister_destructor        [  10.09197] removed dtor for sub_bitmap 0000021C9E849B40
dtor     D               dtor.c:227  _al_unregister_destructor        [  10.09199] removed dtor for sub_bitmap 0000021C9E84A6E0
dtor     D               dtor.c:227  _al_unregister_destructor        [  10.09203] removed dtor for sub_bitmap 0000021C9E849190
dtor     D               dtor.c:227  _al_unregister_destructor        [  10.09206] removed dtor for sub_bitmap 0000021C9E8487E0
dtor     D               dtor.c:227  _al_unregister_destructor        [  10.09208] removed dtor for sub_bitmap 0000021C9E848020
dtor     D               dtor.c:227  _al_unregister_destructor        [  10.09210] removed dtor for sub_bitmap 0000021C9E847290
dtor     D               dtor.c:227  _al_unregister_destructor        [  10.09213] removed dtor for sub_bitmap 0000021C9E847860
dtor     D               dtor.c:227  _al_unregister_destructor        [  10.09215] removed dtor for sub_bitmap 0000021C9E8489D0
dtor     D               dtor.c:227  _al_unregister_destructor        [  10.09217] removed dtor for sub_bitmap 0000021C9E848FA0
dtor     D               dtor.c:227  _al_unregister_destructor        [  10.09219] removed dtor for sub_bitmap 0000021C9E8470A0
dtor     D               dtor.c:227  _al_unregister_destructor        [  10.09221] removed dtor for sub_bitmap 0000021C9E848BC0
dtor     D               dtor.c:227  _al_unregister_destructor        [  10.09223] removed dtor for sub_bitmap 0000021C9E848210
dtor     D               dtor.c:227  _al_unregister_destructor        [  10.09225] removed dtor for sub_bitmap 0000021C9E8485F0
dtor     D               dtor.c:227  _al_unregister_destructor        [  10.09226] removed dtor for sub_bitmap 0000021C9E848DB0
dtor     D               dtor.c:227  _al_unregister_destructor        [  10.09228] removed dtor for sub_bitmap 0000021C9E847A50
dtor     D               dtor.c:227  _al_unregister_destructor        [  10.09230] removed dtor for sub_bitmap 0000021C9E849380
dtor     D               dtor.c:227  _al_unregister_destructor        [  10.09232] removed dtor for sub_bitmap 0000021C9E84A8D0
dtor     D               dtor.c:227  _al_unregister_destructor        [  10.09234] removed dtor for sub_bitmap 0000021C9E847E30
dtor     D               dtor.c:227  _al_unregister_destructor        [  10.09236] removed dtor for sub_bitmap 0000021C9E848400
dtor     D               dtor.c:227  _al_unregister_destructor        [  10.09238] removed dtor for sub_bitmap 0000021C9E84AAC0
dtor     D               dtor.c:227  _al_unregister_destructor        [  10.09240] removed dtor for sub_bitmap 0000021C9E849570
dtor     D               dtor.c:227  _al_unregister_destructor        [  10.09242] removed dtor for sub_bitmap 0000021C9E849760
dtor     D               dtor.c:227  _al_unregister_destructor        [  10.09244] removed dtor for sub_bitmap 0000021C9E849950
dtor     D               dtor.c:227  _al_unregister_destructor        [  10.09246] removed dtor for sub_bitmap 0000021C9E847C40
dtor     D               dtor.c:227  _al_unregister_destructor        [  10.09248] removed dtor for sub_bitmap 0000021C9E849D30
dtor     D               dtor.c:227  _al_unregister_destructor        [  10.09251] removed dtor for sub_bitmap 0000021C9E84A300
dtor     D               dtor.c:227  _al_unregister_destructor        [  10.09253] removed dtor for sub_bitmap 0000021C9E84A4F0
dtor     D               dtor.c:227  _al_unregister_destructor        [  10.09255] removed dtor for sub_bitmap 0000021C9E84BE20
dtor     D               dtor.c:227  _al_unregister_destructor        [  10.09257] removed dtor for sub_bitmap 0000021C9E84D180
dtor     D               dtor.c:227  _al_unregister_destructor        [  10.09258] removed dtor for sub_bitmap 0000021C9E84C7D0
dtor     D               dtor.c:227  _al_unregister_destructor        [  10.09260] removed dtor for sub_bitmap 0000021C9E84B850
dtor     D               dtor.c:227  _al_unregister_destructor        [  10.09262] removed dtor for sub_bitmap 0000021C9E84C200
dtor     D               dtor.c:227  _al_unregister_destructor        [  10.09264] removed dtor for sub_bitmap 0000021C9E84CF90
dtor     D               dtor.c:227  _al_unregister_destructor        [  10.09266] removed dtor for sub_bitmap 0000021C9E84D370
dtor     D               dtor.c:227  _al_unregister_destructor        [  10.09268] removed dtor for sub_bitmap 0000021C9E84ACB0
dtor     D               dtor.c:227  _al_unregister_destructor        [  10.09270] removed dtor for sub_bitmap 0000021C9E84CBB0
dtor     D               dtor.c:227  _al_unregister_destructor        [  10.09272] removed dtor for sub_bitmap 0000021C9E84E6D0
dtor     D               dtor.c:227  _al_unregister_destructor        [  10.09277] removed dtor for sub_bitmap 0000021C9E84C9C0
dtor     D               dtor.c:227  _al_unregister_destructor        [  10.09281] removed dtor for sub_bitmap 0000021C9E84B660
dtor     D               dtor.c:227  _al_unregister_destructor        [  10.09283] removed dtor for sub_bitmap 0000021C9E84B280
dtor     D               dtor.c:227  _al_unregister_destructor        [  10.09286] removed dtor for sub_bitmap 0000021C9E84C3F0
dtor     D               dtor.c:227  _al_unregister_destructor        [  10.09288] removed dtor for sub_bitmap 0000021C9E84CDA0
dtor     D               dtor.c:227  _al_unregister_destructor        [  10.09290] removed dtor for sub_bitmap 0000021C9E84D560
dtor     D               dtor.c:227  _al_unregister_destructor        [  10.09292] removed dtor for sub_bitmap 0000021C9E84D750
dtor     D               dtor.c:227  _al_unregister_destructor        [  10.09294] removed dtor for sub_bitmap 0000021C9E84D940
dtor     D               dtor.c:227  _al_unregister_destructor        [  10.09296] removed dtor for sub_bitmap 0000021C9E84DD20
dtor     D               dtor.c:227  _al_unregister_destructor        [  10.09298] removed dtor for sub_bitmap 0000021C9E84DB30
dtor     D               dtor.c:227  _al_unregister_destructor        [  10.09300] removed dtor for sub_bitmap 0000021C9E84AEA0
dtor     D               dtor.c:227  _al_unregister_destructor        [  10.09302] removed dtor for sub_bitmap 0000021C9E84DF10
dtor     D               dtor.c:227  _al_unregister_destructor        [  10.09304] removed dtor for sub_bitmap 0000021C9E84E100
dtor     D               dtor.c:227  _al_unregister_destructor        [  10.09306] removed dtor for sub_bitmap 0000021C9E84E2F0
dtor     D               dtor.c:227  _al_unregister_destructor        [  10.09308] removed dtor for sub_bitmap 0000021C9E84C5E0
dtor     D               dtor.c:227  _al_unregister_destructor        [  10.09310] removed dtor for sub_bitmap 0000021C9E84E4E0
dtor     D               dtor.c:227  _al_unregister_destructor        [  10.09314] removed dtor for sub_bitmap 0000021C9E84E8C0
dtor     D               dtor.c:227  _al_unregister_destructor        [  10.09316] removed dtor for sub_bitmap 0000021C9E84B090
dtor     D               dtor.c:227  _al_unregister_destructor        [  10.09318] removed dtor for sub_bitmap 0000021C9E84C010
dtor     D               dtor.c:227  _al_unregister_destructor        [  10.09320] removed dtor for sub_bitmap 0000021C9E84B470
dtor     D               dtor.c:227  _al_unregister_destructor        [  10.09323] removed dtor for sub_bitmap 0000021C9E84BA40
dtor     D               dtor.c:227  _al_unregister_destructor        [  10.09325] removed dtor for sub_bitmap 0000021C9E84BC30
dtor     D               dtor.c:227  _al_unregister_destructor        [  10.09326] removed dtor for sub_bitmap 0000021C9E851B20
dtor     D               dtor.c:227  _al_unregister_destructor        [  10.09328] removed dtor for sub_bitmap 0000021C9E84FA30
dtor     D               dtor.c:227  _al_unregister_destructor        [  10.09331] removed dtor for sub_bitmap 0000021C9E8509B0
dtor     D               dtor.c:227  _al_unregister_destructor        [  10.09333] removed dtor for sub_bitmap 0000021C9E851D10
dtor     D               dtor.c:227  _al_unregister_destructor        [  10.09335] removed dtor for sub_bitmap 0000021C9E850BA0
dtor     D               dtor.c:227  _al_unregister_destructor        [  10.09338] removed dtor for sub_bitmap 0000021C9E8522E0
dtor     D               dtor.c:227  _al_unregister_destructor        [  10.09341] removed dtor for sub_bitmap 0000021C9E851F00
dtor     D               dtor.c:227  _al_unregister_destructor        [  10.09343] removed dtor for sub_bitmap 0000021C9E851930
dtor     D               dtor.c:227  _al_unregister_destructor        [  10.09345] removed dtor for sub_bitmap 0000021C9E8524D0
dtor     D               dtor.c:227  _al_unregister_destructor        [  10.09347] removed dtor for sub_bitmap 0000021C9E8520F0
dtor     D               dtor.c:227  _al_unregister_destructor        [  10.09349] removed dtor for sub_bitmap 0000021C9E84ECA0
dtor     D               dtor.c:227  _al_unregister_destructor        [  10.09351] removed dtor for sub_bitmap 0000021C9E851360
dtor     D               dtor.c:227  _al_unregister_destructor        [  10.09353] removed dtor for sub_bitmap 0000021C9E850F80
dtor     D               dtor.c:227  _al_unregister_destructor        [  10.09355] removed dtor for sub_bitmap 0000021C9E8501F0
dtor     D               dtor.c:227  _al_unregister_destructor        [  10.09357] removed dtor for sub_bitmap 0000021C9E8526C0
dtor     D               dtor.c:227  _al_unregister_destructor        [  10.09359] removed dtor for sub_bitmap 0000021C9E850000
dtor     D               dtor.c:227  _al_unregister_destructor        [  10.09362] removed dtor for sub_bitmap 0000021C9E851740
dtor     D               dtor.c:227  _al_unregister_destructor        [  10.09364] removed dtor for sub_bitmap 0000021C9E8503E0
dtor     D               dtor.c:227  _al_unregister_destructor        [  10.09366] removed dtor for sub_bitmap 0000021C9E84EAB0
dtor     D               dtor.c:227  _al_unregister_destructor        [  10.09368] removed dtor for sub_bitmap 0000021C9E8505D0
dtor     D               dtor.c:227  _al_unregister_destructor        [  10.09370] removed dtor for sub_bitmap 0000021C9E84EE90
dtor     D               dtor.c:227  _al_unregister_destructor        [  10.09373] removed dtor for sub_bitmap 0000021C9E850D90
dtor     D               dtor.c:227  _al_unregister_destructor        [  10.09376] removed dtor for sub_bitmap 0000021C9E84F080
dtor     D               dtor.c:227  _al_unregister_destructor        [  10.09378] removed dtor for sub_bitmap 0000021C9E84F270
dtor     D               dtor.c:227  _al_unregister_destructor        [  10.09380] removed dtor for sub_bitmap 0000021C9E84F460
dtor     D               dtor.c:227  _al_unregister_destructor        [  10.09382] removed dtor for sub_bitmap 0000021C9E8507C0
dtor     D               dtor.c:227  _al_unregister_destructor        [  10.09384] removed dtor for sub_bitmap 0000021C9E851170
dtor     D               dtor.c:227  _al_unregister_destructor        [  10.09386] removed dtor for sub_bitmap 0000021C9E851550
dtor     D               dtor.c:227  _al_unregister_destructor        [  10.09388] removed dtor for sub_bitmap 0000021C9E84FC20
dtor     D               dtor.c:227  _al_unregister_destructor        [  10.09390] removed dtor for sub_bitmap 0000021C9E84F650
dtor     D               dtor.c:227  _al_unregister_destructor        [  10.09392] removed dtor for sub_bitmap 0000021C9E84F840
dtor     D               dtor.c:227  _al_unregister_destructor        [  10.09394] removed dtor for sub_bitmap 0000021C9E84FE10
dtor     D               dtor.c:227  _al_unregister_destructor        [  10.09397] removed dtor for sub_bitmap 0000021C9E853450
dtor     D               dtor.c:227  _al_unregister_destructor        [  10.09399] removed dtor for sub_bitmap 0000021C9E853260
dtor     D               dtor.c:227  _al_unregister_destructor        [  10.09401] removed dtor for sub_bitmap 0000021C9E853640
dtor     D               dtor.c:227  _al_unregister_destructor        [  10.09403] removed dtor for sub_bitmap 0000021C9E855EF0
dtor     D               dtor.c:227  _al_unregister_destructor        [  10.09405] removed dtor for sub_bitmap 0000021C9E852E80
dtor     D               dtor.c:227  _al_unregister_destructor        [  10.09407] removed dtor for sub_bitmap 0000021C9E853C10
dtor     D               dtor.c:227  _al_unregister_destructor        [  10.09409] removed dtor for sub_bitmap 0000021C9E853E00
dtor     D               dtor.c:227  _al_unregister_destructor        [  10.09413] removed dtor for sub_bitmap 0000021C9E854F70
dtor     D               dtor.c:227  _al_unregister_destructor        [  10.09416] removed dtor for sub_bitmap 0000021C9E855920
dtor     D               dtor.c:227  _al_unregister_destructor        [  10.09418] removed dtor for sub_bitmap 0000021C9E853070
dtor     D               dtor.c:227  _al_unregister_destructor        [  10.09421] removed dtor for sub_bitmap 0000021C9E8541E0
dtor     D               dtor.c:227  _al_unregister_destructor        [  10.09423] removed dtor for sub_bitmap 0000021C9E8560E0
dtor     D               dtor.c:227  _al_unregister_destructor        [  10.09426] removed dtor for sub_bitmap 0000021C9E852C90
dtor     D               dtor.c:227  _al_unregister_destructor        [  10.09428] removed dtor for sub_bitmap 0000021C9E853830
dtor     D               dtor.c:227  _al_unregister_destructor        [  10.09430] removed dtor for sub_bitmap 0000021C9E8543D0
dtor     D               dtor.c:227  _al_unregister_destructor        [  10.09432] removed dtor for sub_bitmap 0000021C9E8549A0
dtor     D               dtor.c:227  _al_unregister_destructor        [  10.09434] removed dtor for sub_bitmap 0000021C9E852AA0
dtor     D               dtor.c:227  _al_unregister_destructor        [  10.09437] removed dtor for sub_bitmap 0000021C9E8545C0
dtor     D               dtor.c:227  _al_unregister_destructor        [  10.09439] removed dtor for sub_bitmap 0000021C9E853FF0
dtor     D               dtor.c:227  _al_unregister_destructor        [  10.09441] removed dtor for sub_bitmap 0000021C9E8547B0
dtor     D               dtor.c:227  _al_unregister_destructor        [  10.09443] removed dtor for sub_bitmap 0000021C9E854B90
dtor     D               dtor.c:227  _al_unregister_destructor        [  10.09445] removed dtor for sub_bitmap 0000021C9E855B10
dtor     D               dtor.c:227  _al_unregister_destructor        [  10.09447] removed dtor for bitmap 0000021C9E464600
d3d      I         d3d_disp.cpp:964  d3d_destroy_display              [  10.09488] destroying display 0000021C98C9FF80 (current 0000000000000000)
d3d      D         d3d_disp.cpp:948  d3d_destroy_display_internals    [  10.09788] waiting for display 0000021C98C9FF80's thread to end
d3d      W         d3d_disp.cpp:650  d3d_destroy_device               [  10.11173] d3d_destroy_device: ref count not 0
d3d      W         d3d_disp.cpp:650  d3d_destroy_device               [  10.11178] d3d_destroy_device: ref count not 0
d3d      I         d3d_disp.cpp:1611 d3d_display_thread_proc          [  10.12764] d3d display thread exits
dtor     D               dtor.c:227  _al_unregister_destructor        [  10.12886] removed dtor for queue 0000021C9ABDF270
